0.182848,733.4,0.177489,742.4,0.186889,725.2,0.227279,753.9,0.226458,754.2,0.234226,747.6,0.179325,750.2,0.298308,739.1,0.301147,746.5,0.231968,737.5,0.328527,731.4,0.232003,741.3
0.336179,716.5,0.309221,725.8,0.478684,715.6,0.404436,729.3,0.406031,712.0,0.419061,738.7,0.311273,716.8,0.519103,729.0,0.526545,722.0,0.428264,720.5,0.578949,717.2,0.41221,727.0
0.464406,696.6,0.443035,715.7,0.631721,697.8,0.584139,708.1,0.591567,698.4,0.607802,712.5,0.443748,700.5,0.740785,718.0,0.755867,710.6,0.620862,706.9,0.825309,709.5,0.592884,704.0
0.597854,687.1,0.579565,699.6,0.928018,679.2,0.763528,694.7,0.777572,690.9,0.792325,692.5,0.718973,678.3,0.970506,699.4,0.98859,686.8,0.804917,683.6,1.07899,702.9,0.784158,687.4
0.730459,682.9,0.71621,683.7,1.06712,668.7,0.953087,671.9,0.964023,666.1,0.977557,681.7,0.859153,661.4,1.19629,692.7,1.22083,658.0,0.989175,671.2,1.32571,687.8,0.980994,682.4
0.863323,661.2,0.852223,672.4,1.2043,660.7,1.12438,658.9,1.15429,661.2,1.17001,664.7,1.14111,647.9,1.41736,675.6,1.67013,656.8,1.17922,660.5,1.57152,668.7,1.16602,657.0
1.00206,643.7,0.985994,663.5,1.34006,652.2,1.29461,652.7,1.34502,636.5,1.35419,643.3,1.27721,645.0,1.63922,674.4,1.89765,645.6,1.36538,638.5,1.8187,658.7,1.34764,647.5
1.14106,638.3,1.12111,657.1,1.48271,636.0,1.46386,634.6,1.7008,619.6,1.53916,635.0,1.41435,636.8,1.8614,665.1,2.1215,641.9,1.54386,624.4,2.06885,646.1,1.52785,643.9
1.27453,634.7,1.25704,647.3,1.62681,626.9,1.63138,615.5,1.87493,588.5,1.91505,612.7,1.55023,624.2,2.08732,651.0,2.34041,625.8,1.73122,602.9,2.3149,631.6,1.7075,612.3
1.40539,631.9,1.39192,645.4,1.76679,620.0,1.97495,576.3,2.22451,587.5,2.28561,595.9,1.6842,612.0,2.30904,640.7,2.55813,625.6,2.10611,599.2,2.5605,611.6,1.88632,610.0
1.53247,611.5,1.52512,631.3,2.04437,616.8,2.32876,572.8,2.40328,568.8,2.67029,573.3,1.81548,596.0,2.53093,628.7,2.77205,604.4,2.30017,590.4,3.05184,601.5,2.06565,599.6
1.65696,601.5,1.65609,621.9,2.17537,604.5,2.50534,565.0,2.59085,567.3,3.03715,569.1,2.07412,581.2,2.75529,622.8,2.9904,598.8,2.48936,583.4,3.30432,588.4,2.23925,598.7
1.78057,588.3,1.78952,614.2,2.30701,599.8,2.68295,558.3,2.76249,557.3,3.21789,563.0,2.20294,576.0,2.98011,601.5,3.20383,588.7,2.67494,575.6,3.79499,566.2,2.41256,590.6
1.90524,587.3,1.91972,609.8,2.43927,579.7,2.85925,555.1,2.947,545.3,3.40275,556.6,2.33276,557.0,3.63959,592.3,3.41749,572.6,2.85519,556.5,4.03963,565.0,2.58738,576.3
2.03762,575.6,2.05008,604.9,2.56822,569.0,3.03214,542.9,3.12031,535.8,3.59203,539.3,2.59092,538.7,4.07254,563.3,3.63225,561.6,3.03708,545.5,4.2885,561.7,2.76338,576.2
2.16136,574.4,2.18439,578.3,2.69809,568.3,3.20259,540.9,3.29199,531.6,3.77291,528.6,2.71992,535.9,4.28567,559.7,3.84926,547.5,3.4023,535.4,4.53639,555.4,2.93658,553.1
2.29346,562.0,2.45217,574.6,2.82773,541.8,3.37633,526.3,3.47918,524.2,3.95933,518.6,2.84798,527.3,4.50083,558.8,4.06567,538.1,3.58356,528.7,4.78163,550.8,3.28705,547.4
2.41548,549.1,2.58401,565.3,2.95761,541.7,3.55061,524.8,3.66461,512.1,4.32934,517.3,2.97137,512.6,4.71567,548.5,4.28123,525.0,3.75496,514.3,5.02498,534.7,3.46188,533.4
2.54068,543.9,2.71004,551.2,3.08761,532.3,3.73214,512.4,3.84764,508.5,4.51056,496.0,3.09367,507.5,4.92862,545.8,4.49382,513.9,3.92686,502.5,5.27434,531.7,3.81118,526.2
2.6666,535.5,2.83578,545.6,3.21766,525.8,3.90852,499.1,4.03664,504.0,4.68862,493.5,3.21728,503.9,5.14358,534.0,4.70693,507.9,4.10152,498.3,5.51715,524.4,3.98281,516.1
2.79409,528.9,2.9605,541.4,3.34845,515.9,4.08659,490.1,4.22364,488.2,4.86756,472.6,3.34053,495.2,5.35541,524.3,4.92803,492.8,4.27332,489.5,5.76166,513.8,4.15802,512.4
2.9192,516.9,3.08491,532.7,3.48971,509.6,4.26623,485.8,4.40931,486.2,5.41128,466.8,3.46329,487.2,5.56659,512.1,5.14343,489.8,4.44799,483.8,6.00831,508.1,4.33233,498.4
3.04056,511.0,3.20795,522.9,3.62641,502.4,4.44483,471.1,4.59645,471.0,5.58822,461.6,3.58494,474.0,5.77807,507.0,5.35622,479.5,4.62056,472.5,6.25783,501.7,4.50757,498.2
3.16342,506.5,3.33116,510.1,3.75722,496.6,4.6253,462.4,4.77386,469.4,5.77341,458.3,3.83183,454.0,5.98913,497.8,5.56947,477.7,4.79489,461.6,6.51124,490.2,4.68315,491.4
3.28497,498.3,3.45471,504.0,3.88511,488.7,4.80191,461.5,4.95476,458.7,5.95815,445.0,4.09932,449.3,6.20377,478.7,5.7841,465.4,4.96643,457.5,6.75804,476.8,4.85441,483.0
3.41528,490.9,3.58272,502.5,4.01511,478.4,4.97974,457.3,5.13578,450.0,6.13508,440.4,4.23421,444.9,6.41449,468.6,6.01356,456.2,5.1364,452.5,7.00849,469.7,5.02958,471.1
3.54559,487.6,3.70714,491.8,4.1507,473.8,5.15628,455.4,5.3162,443.3,6.49626,431.7,4.36002,440.2,6.62534,465.5,6.22994,449.2,5.30692,442.8,7.50942,456.3,5.38337,467.5
3.67335,475.4,3.83304,484.5,4.27696,470.3,5.3343,445.4,5.49515,428.9,6.67897,429.3,4.49493,435.5,6.83501,457.1,6.45247,442.4,5.66563,438.3,7.99139,441.5,5.55901,457.5
3.80196,464.6,3.96376,474.8,4.40714,461.7,5.50974,433.9,5.85458,426.0,6.86476,423.9,4.62544,433.3,7.04508,455.9,6.67117,430.3,5.84154,428.2,8.47786,436.4,5.73735,453.6
3.92924,455.5,4.09376,467.4,4.5378,459.5,5.85799,423.2,6.03997,413.6,7.0447,421.7,4.74939,427.7,7.25862,452.9,6.88657,419.9,6.01872,426.1,8.71947,431.1,5.91088,451.7
4.05592,445.2,4.2268,461.9,4.67167,454.2,6.03244,418.6,6.22653,411.8,7.22634,407.9,4.87154,418.1,7.47532,447.8,7.10446,417.3,6.1955,424.1,8.95819,427.9,6.08292,449.9
4.18292,438.7,4.36358,454.6,4.80581,449.7,6.20232,416.8,6.41411,401.9,7.58775,398.5,4.99506,416.1,7.69182,445.1,7.32296,415.2,6.3745,415.0,9.1968,423.6,6.25542,442.4
4.30962,428.2,4.49243,448.4,4.94092,439.3,6.38104,415.1,6.78659,395.4,7.7674,397.0,5.11881,412.3,7.90241,442.1,7.53616,405.3,6.54709,410.7,9.44305,416.1,6.42663,434.0
4.43679,428.2,4.62073,442.1,5.07078,429.9,6.55681,405.3,6.97029,392.8,7.94789,391.7,5.24235,410.6,8.11122,438.1,7.74869,398.9,6.72224,407.8,9.68248,413.9,6.59596,433.3
4.5641,419.2,4.74929,439.7,5.20306,425.8,6.73389,403.6,7.14049,386.0,8.12996,387.6,5.36577,407.9,8.32471,434.4,7.96063,391.0,6.90183,403.3,9.92348,408.7,6.77093,425.3
4.69111,414.8,4.87968,433.5,5.33645,422.5,6.91242,399.2,7.31155,382.0,8.30805,384.2,5.48943,402.2,8.53258,426.8,8.17824,387.5,7.08088,391.4,10.1629,402.0,6.94631,416.9
4.81737,402.6,5.00916,430.1,5.47206,418.9,7.08861,373.9,7.66858,379.8,8.4889,379.3,5.61236,401.3,8.74147,421.0,8.3899,379.5,7.44122,388.7,10.4057,399.0,7.12433,412.4
4.94446,399.5,5.13829,427.6,5.60132,416.1,7.78494,372.8,7.841,372.5,8.6705,372.8,5.73952,400.2,8.94945,418.7,8.60267,376.8,7.62069,383.0,10.6478,395.8,7.29983,405.0
5.07065,393.1,5.26723,422.8,5.73539,408.2,7.96179,370.5,8.01138,369.4,8.85205,367.3,5.86177,392.5,9.15769,415.1,8.81374,367.4,7.80146,380.6,10.8883,389.7,7.47593,400.3
5.19657,386.3,5.39571,419.5,6.00632,403.0,8.13785,366.6,8.17921,362.7,9.03366,366.7,6.10871,388.6,9.36956,412.0,9.02712,364.5,7.97892,378.8,11.3654,387.8,7.65512,399.9
5.3218,384.8,5.52751,415.5,6.13006,398.9,8.31322,365.4,8.3501,361.0,9.21416,354.5,6.23226,387.2,9.57737,408.1,9.24266,363.3,8.15646,367.8,11.6083,379.5,7.83351,390.5
5.44711,382.3,5.65594,410.3,6.25764,392.5,8.47942,362.7,8.52134,354.1,9.57819,353.4,6.3548,383.7,9.78658,402.1,9.45464,352.7,8.51195,365.4,11.8456,376.3,8.00842,387.5
5.57487,376.6,5.7874,406.1,6.38937,390.5,8.6437,356.6,8.69335,352.3,9.75995,333.4,6.47713,382.8,9.9946,401.9,9.8782,349.8,8.6888,362.6,12.0874,370.9,8.18469,384.2
5.70095,373.1,5.91618,404.7,6.52218,386.6,8.8181,355.9,8.86178,343.1,10.2911,330.9,6.59953,380.2,10.2018,395.7,10.0893,342.3,8.8645,361.1,12.3253,368.5,8.36019,378.4
5.82674,368.6,6.04559,400.7,6.65598,380.9,8.9924,350.3,9.03353,341.2,10.4625,324.9,6.71878,377.9,10.6225,391.2,10.304,340.9,9.04251,357.2,12.5674,362.8,8.53628,377.9
5.95335,365.1,6.17532,392.6,6.92166,375.1,9.16537,345.0,9.20315,333.9,10.8128,323.3,6.83574,375.1,10.8295,386.1,10.5149,339.9,9.21697,355.0,12.8049,362.3,8.7134,374.6
6.07865,363.1,6.30463,389.0,7.05344,369.7,9.34199,342.6,9.54386,327.8,10.9824,320.4,6.95389,371.5,11.0398,378.4,10.7254,337.5,9.39034,353.4,13.0423,359.5,8.89042,367.9
6.20491,360.7,6.43365,386.4,7.31688,366.8,9.5389,337.9,9.71168,319.5,11.1638,314.0,7.32525,369.5,11.2469,376.8,10.9359,335.1,9.56297,346.5,13.2816,354.2,9.06538,367.4
6.33089,358.9,6.56117,383.8,7.44852,362.3,9.72098,337.5,9.88023,318.8,11.3484,309.8,7.45829,369.4,11.4593,373.5,11.1477,332.2,9.73951,345.3,13.5197,348.3,9.24102,366.5
6.45816,357.6,6.69052,381.5,7.58048,359.1,9.89373,333.1,10.0491,314.7,11.5284,306.8,7.59035,368.1,11.6666,369.9,11.3611,329.1,9.9174,342.4,13.7649,346.1,9.41584,358.2
6.58666,355.3,6.81981,377.8,7.71274,357.8,10.0637,330.3,10.2157,313.9,11.7069,301.1,7.72874,366.0,11.8751,368.6,11.5717,328.2,10.0949,338.2,14.0032,343.9,9.59052,357.0
6.71864,354.0,6.94846,372.7,7.84469,352.2,10.2276,327.3,10.3803,311.5,11.8832,299.3,7.85418,365.3,12.0827,363.6,11.7823,325.3,10.4523,328.6,14.2422,340.8,9.76652,353.2
6.85865,352.4,7.07712,369.6,7.97808,350.8,10.394,321.7,10.5464,306.2,12.0656,294.3,7.97241,361.1,12.2919,359.3,11.994,321.5,10.8107,325.3,14.4803,333.6,9.94048,349.1
6.98789,351.6,7.20513,368.4,8.11062,348.1,10.5612,321.3,10.7114,301.5,12.2481,293.2,8.20944,359.6,12.5061,356.6,12.2048,318.9,10.9908,324.8,14.9568,327.2,10.1177,342.6
7.11007,349.7,7.33299,365.4,8.24288,345.7,10.7266,315.1,10.8764,301.4,12.4276,290.6,8.33053,355.7,12.7142,355.1,12.4189,316.4,11.1694,320.1,15.4316,323.1,10.2929,339.3
7.23584,349.1,7.46018,361.9,8.37534,340.5,10.894,310.5,11.0409,296.6,12.7808,287.8,8.45126,355.1,12.922,351.7,12.6293,313.9,11.3479,313.2,15.6746,320.3,10.4675,333.7
7.36324,348.2,7.58806,361.1,8.50639,339.5,11.0605,306.5,11.2055,294.4,12.948,281.8,8.5721,352.8,13.1288,349.2,12.8395,311.1,11.691,311.3,15.9131,315.6,10.8152,330.2
7.49297,342.8,7.71849,357.7,8.63367,329.2,11.2273,300.2,11.3799,292.0,13.1144,280.9,8.69252,350.6,13.3354,348.6,13.0504,306.9,11.8812,306.1,16.3886,311.3,11.0026,326.9
7.62184,342.4,7.84762,355.5,8.8824,323.5,11.3939,296.5,11.5528,289.1,13.2792,276.8,8.81315,349.1,13.547,347.5,13.2638,305.3,12.0593,300.8,16.628,303.7,11.1745,324.6
7.75137,341.4,7.97631,351.8,9.13962,319.7,11.5599,292.0,11.725,287.8,13.4457,273.7,8.93416,347.6,13.7549,346.1,13.4787,303.0,12.2394,300.4,16.8706,298.7,11.3399,318.9
7.88077,340.0,8.10428,350.5,9.26417,315.7,11.7254,288.6,11.9442,282.5,13.6131,272.4,9.05487,346.9,13.962,344.0,13.6896,302.3,12.4156,296.7,17.1101,298.3,11.5091,311.9
8.01209,336.0,8.23232,347.9,9.39236,314.3,11.8914,286.6,12.2953,282.4,13.7889,267.8,9.29718,345.7,14.3769,338.6,13.9,300.0,12.5946,292.7,17.3473,294.9,11.8481,309.4
8.13086,334.4,8.48884,345.3,9.52127,311.9,12.0548,278.8,12.4686,280.7,13.9628,261.5,9.42798,343.1,14.5895,335.4,14.1107,299.0,12.7832,284.4,17.5842,290.1,12.015,306.9
8.25237,330.9,8.62028,343.4,9.65074,307.9,12.2172,276.5,12.6425,279.2,14.1374,260.6,9.68713,341.3,14.7979,333.1,14.3261,297.0,12.9572,283.7,17.829,288.9,12.1854,302.0
8.3882,326.4,8.74486,339.4,9.77954,306.7,12.3761,266.7,12.816,276.0,14.3089,258.7,9.81501,338.9,15.0066,331.4,14.5399,295.0,13.1231,283.4,18.0628,283.0,12.3536,297.5
8.51974,322.6,8.86677,337.9,9.90878,303.4,12.8579,262.4,12.989,271.8,14.483,256.2,9.93862,335.8,15.2134,328.6,14.7516,291.0,13.3257,282.4,18.5314,279.6,12.5208,295.1
8.6511,319.0,8.9891,334.3,10.0381,300.6,13.0131,260.6,13.6751,266.1,14.6496,254.6,10.2167,333.6,15.4231,325.1,14.9648,286.2,13.4963,278.3,18.7691,279.3,12.69,290.6
8.77709,315.6,9.11047,332.1,10.169,300.3,13.1701,255.5,13.849,260.1,14.8144,251.7,10.3387,331.5,15.6358,323.4,15.1778,284.6,13.6647,277.8,19.0105,275.2,12.8599,289.2
8.89888,312.6,9.23159,330.7,10.2995,297.7,13.472,254.2,14.1898,257.8,14.9813,250.2,10.4765,330.0,15.8443,319.1,15.3938,282.4,13.8381,270.2,19.2463,272.3,13.0293,280.7
9.02225,310.5,9.35311,327.8,10.4286,295.0,13.6215,248.5,14.3578,257.5,15.1522,246.8,10.6036,329.7,16.0511,315.9,15.6064,281.6,14.1794,268.7,19.4808,270.6,13.3678,275.8
9.14473,305.6,9.5997,324.9,10.5565,290.5,13.7705,247.5,14.531,255.0,15.3306,245.6,10.729,327.5,16.2584,312.3,15.8176,280.6,14.3653,264.6,19.7169,266.6,13.7095,270.7
9.26797,300.5,9.7268,324.0,10.6834,288.6,13.9201,246.2,14.704,251.9,15.5075,241.1,10.8539,327.4,16.4673,311.8,16.0298,278.4,14.7043,262.1,20.1936,266.5,13.8795,268.6
9.39142,298.0,9.87181,321.3,10.8104,287.5,14.0693,242.3,14.8763,248.7,15.6832,237.1,11.1067,324.9,16.6798,311.0,16.2416,276.2,14.8709,258.8,20.4298,261.9,14.0448,267.8
9.51588,294.4,9.99947,319.6,10.938,282.9,14.2334,241.5,15.0486,244.4,16.1975,235.2,11.3509,324.5,16.8882,309.4,16.4569,275.2,15.0372,256.3,20.663,261.7,14.2131,266.1
9.64292,289.7,10.1292,319.2,11.0673,282.0,14.3957,238.5,15.5479,242.9,16.3701,231.7,11.4703,321.1,17.095,306.6,16.6664,272.2,15.363,253.5,20.9021,259.0,14.3809,262.3
9.7644,288.6,10.2567,316.4,11.199,279.6,14.56,237.9,15.7132,240.7,16.5365,227.1,11.5891,320.8,17.3025,305.8,16.8771,270.7,15.5309,252.3,21.1339,256.8,14.5508,259.2
9.88432,287.7,10.3878,314.4,11.3282,277.8,14.7259,235.9,15.8816,238.3,16.8736,225.0,11.8296,319.8,17.5113,304.3,17.0868,270.7,15.7029,249.5,21.592,255.6,14.721,257.8
10.0074,287.4,10.5244,310.6,11.4582,275.9,14.8922,234.1,16.051,236.9,17.0425,224.0,12.0697,318.1,17.7229,302.5,17.2995,267.9,15.8729,248.6,21.8246,252.1,14.8888,254.9
10.1281,286.7,10.6654,308.5,11.5877,273.5,15.0556,233.0,16.2206,235.8,17.2119,219.9,12.1885,317.8,17.9303,300.2,17.5142,265.2,16.0356,245.5,22.0632,249.3,15.056,250.7
10.2491,286.5,10.7933,303.7,11.7178,270.1,15.2208,232.0,16.3901,232.6,17.5487,217.7,12.3076,317.1,18.1372,296.6,17.7239,261.5,16.1943,244.5,22.5243,248.9,15.2319,248.6
10.3687,286.1,10.9313,302.0,11.8462,268.7,15.3865,230.8,16.5582,232.4,17.7154,217.2,12.4271,316.2,18.3455,296.1,18.1471,260.5,16.3528,240.3,22.756,246.1,15.4181,245.7
10.49,284.6,11.0653,296.2,11.9751,262.9,15.5523,229.6,16.7262,229.9,17.8817,216.9,12.5463,315.2,18.5551,292.1,18.3601,259.4,16.6702,238.8,23.2324,242.3,15.5813,240.3
10.7314,280.0,11.1936,295.3,12.1052,256.8,15.7168,227.8,16.8947,227.4,18.0486,214.1,12.6661,313.9,18.7688,291.5,18.5745,258.9,16.9884,237.0,23.6974,242.0,15.9154,238.6
10.8566,279.6,11.3277,292.5,12.2349,252.2,15.8819,226.2,17.0653,226.3,18.211,212.5,12.7851,313.8,18.9757,287.4,18.7849,258.0,17.3068,235.0,23.9277,241.1,16.0807,236.7
11.2493,273.2,11.4537,289.7,12.3616,250.7,16.0471,225.4,17.4043,222.6,18.5421,209.5,12.9053,311.9,19.1829,285.7,18.9942,256.8,17.4639,234.8,24.1644,238.5,16.2485,236.0
11.3712,272.5,11.5769,287.8,12.4863,249.7,16.2112,222.4,17.5716,221.5,18.7068,207.6,13.0342,310.6,19.3898,284.0,19.2056,255.9,17.6228,232.8,24.3969,237.3,16.4125,231.8
11.493,272.1,11.7008,286.1,12.6143,248.6,16.5427,219.3,17.9026,220.4,18.874,206.2,13.1607,308.2,19.5965,282.6,19.4149,253.7,17.9351,229.5,24.6282,234.6,16.5769,231.6
11.626,270.1,11.8264,281.5,12.7432,246.6,16.7091,216.7,18.0615,219.6,19.0441,205.2,13.6445,307.9,20.0178,280.4,19.6296,251.9,18.0928,228.9,24.8571,232.2,16.7412,231.3
11.7527,268.0,12.0814,277.0,12.8703,246.4,16.8784,216.6,18.2153,219.2,19.2109,204.1,14.0061,307.9,20.226,279.1,19.8404,250.9,18.2473,228.3,25.321,229.7,16.9294,226.7
11.8803,264.0,12.2185,274.4,12.9974,245.4,17.0467,213.9,18.3701,217.3,19.3736,202.9,14.6681,307.2,20.6405,276.7,20.051,250.3,18.4006,226.8,25.5516,228.8,17.1019,224.9
12.0101,260.1,12.3419,271.5,13.1251,244.2,17.2147,213.3,18.6809,217.0,19.5366,201.3,14.9101,306.1,21.0574,274.8,20.262,250.2,18.5553,224.9,25.7837,227.2,17.2693,222.9
12.2601,257.4,12.5936,269.7,13.2589,242.3,17.3838,211.7,18.8357,216.9,19.7007,198.9,15.1515,305.3,21.2648,273.6,20.4709,248.7,18.7071,224.2,26.0175,222.4,17.4361,220.6
12.3835,256.2,12.7202,268.4,13.3857,241.1,17.5529,210.8,18.9913,216.2,19.8672,196.4,15.3949,303.8,21.4712,272.7,20.8956,248.5,18.8612,223.2,26.4871,217.9,17.7864,218.6
12.5065,254.7,12.8474,266.4,13.5204,240.5,17.7191,203.8,19.1465,213.1,20.1981,193.0,15.6391,302.0,21.6778,271.7,21.1048,246.6,19.0169,221.0,26.7175,216.3,18.1235,215.6
12.6296,252.1,12.9707,264.8,13.651,239.5,18.0533,199.7,19.3045,212.1,20.3627,191.3,16.003,300.7,21.8885,270.0,21.5264,245.4,19.3311,219.4,26.9497,214.9,18.2858,213.7
12.7528,251.8,13.0923,262.9,13.7815,234.6,18.3925,198.3,19.6145,211.3,20.5281,189.9,16.3792,300.3,22.0953,267.5,21.9503,244.3,19.658,216.6,27.1873,213.6,18.4515,212.6
12.881,251.0,13.2178,261.4,14.0419,233.5,18.5612,195.8,19.7708,210.2,20.693,189.1,16.5048,298.8,22.5078,267.2,22.1606,244.1,19.8308,214.2,27.4189,213.4,18.6114,210.8
13.0066,249.5,13.3481,259.2,14.3025,231.3,18.8957,193.8,19.9282,209.4,20.8567,187.8,16.7733,298.0,22.7154,265.3,22.3723,242.0,20.0059,213.7,27.6503,212.0,18.7749,210.2
13.255,246.5,13.473,257.6,14.4321,229.5,19.2162,189.8,20.0858,207.9,21.187,185.0,16.9028,293.6,22.9272,264.1,22.7995,240.8,20.1749,210.9,27.8823,209.0,18.9352,207.5
13.3817,246.5,13.6036,255.5,14.5607,227.7,19.5414,187.9,20.2406,206.9,21.3446,184.5,17.0228,292.4,23.1342,262.2,23.0096,239.0,20.3517,209.1,28.1136,208.4,19.255,207.1
13.6224,246.2,13.7339,253.0,14.8198,223.7,19.7047,187.2,20.3956,206.0,21.5044,183.8,17.1435,290.5,23.3405,261.2,23.2206,237.6,20.5265,208.9,28.347,205.8,19.4169,206.1
13.7421,245.0,13.8621,250.4,15.0753,222.1,19.8691,185.3,20.5538,204.7,21.6658,181.5,17.2651,290.1,23.5461,261.1,23.4335,236.2,20.6865,206.2,28.5758,204.5,19.5774,202.7
13.8623,244.9,13.9909,247.8,15.2066,219.2,20.033,184.8,20.7084,203.0,21.8248,179.6,17.3872,289.7,23.9646,260.9,23.6464,234.6,20.8458,206.0,28.807,203.4,19.9036,201.2
13.9831,244.5,14.1216,245.7,15.3346,217.3,20.1946,184.1,21.0205,202.0,22.1521,177.2,17.6345,288.3,24.1729,260.0,23.8616,233.5,21.0029,204.1,29.0368,201.5,20.0674,199.2
14.2241,243.5,14.2494,244.0,15.4642,215.7,20.3571,181.7,21.3491,201.1,22.3134,175.5,17.7562,287.4,24.3798,259.5,24.0737,232.1,21.4932,202.3,29.2684,199.6,20.2319,194.8
14.461,243.3,14.3791,240.1,15.5926,212.5,20.5193,180.4,21.4982,199.4,22.4706,173.2,18.5943,287.3,24.5871,258.9,24.2848,231.4,21.6615,200.2,29.4957,197.9,20.4033,192.0
14.5823,241.9,14.5088,239.3,15.7218,210.5,20.6827,178.2,21.6541,198.3,22.7757,172.0,18.7115,286.6,24.7943,258.4,24.4971,230.0,21.828,199.5,29.7206,194.9,20.5692,188.6
14.826,240.4,14.6385,235.1,15.8521,209.5,20.845,177.8,21.9686,196.3,23.0779,169.7,19.0648,284.9,25.0049,257.8,24.7092,229.1,21.9944,197.4,29.9483,194.8,20.9028,184.5
14.9548,239.6,14.7666,234.9,15.9796,208.7,21.0057,176.4,22.3006,195.3,23.234,168.9,19.1865,284.6,25.2122,253.7,24.924,228.3,22.1686,197.2,30.1735,193.5,21.0673,180.3
15.0759,239.0,14.8954,233.8,16.2388,207.7,21.1646,175.0,22.4555,195.1,23.3864,168.9,19.5524,283.7,25.6266,252.7,25.3428,227.4,22.3215,195.0,30.3983,190.2,21.3994,178.3
15.1931,238.5,15.0236,233.1,16.3684,205.3,21.3222,171.7,22.6013,195.0,23.5362,167.4,19.6754,283.3,25.8332,250.8,25.5514,226.7,22.4743,194.4,30.6194,189.1,21.7292,177.2
15.4343,237.4,15.1527,232.9,16.6251,205.0,21.6361,170.5,22.8952,193.7,23.6863,167.4,19.9202,282.7,26.0452,250.2,25.7615,225.9,22.6261,192.8,30.8427,187.9,21.8903,176.2
15.5549,236.5,15.2807,231.3,16.7541,204.8,21.7896,168.7,23.0463,193.5,23.8376,166.6,20.0419,281.8,26.2534,249.0,25.9753,224.2,22.7774,192.3,31.07,185.0,22.0491,174.2
15.6776,233.9,15.4074,230.3,16.8817,201.6,22.0989,167.9,23.3473,191.7,23.9908,165.7,20.1633,281.5,26.4607,248.6,26.3972,223.3,23.0773,191.3,31.2958,183.7,22.3716,173.3
15.9319,232.5,15.5342,230.1,17.0099,199.2,22.2519,167.0,23.6532,190.1,24.1408,164.9,20.6476,280.0,26.6682,247.4,26.6073,222.8,23.2255,190.4,31.5208,183.3,22.5311,171.7
16.0588,231.5,15.6692,228.7,17.1403,199.0,22.4062,166.4,23.9699,190.0,24.6038,163.1,21.0086,279.8,26.8755,246.3,26.8454,222.5,23.3723,189.9,31.7422,182.3,22.8458,171.2
16.1871,230.0,15.7971,226.8,17.2689,197.1,22.5576,164.1,24.1368,189.6,24.7761,162.3,21.1293,279.6,27.0874,245.7,27.0601,221.9,23.6752,189.2,31.9635,180.6,23.003,169.2
16.3159,229.7,15.9252,226.2,17.3988,196.2,22.8723,162.8,24.3187,187.6,24.9351,160.6,21.2515,278.3,27.5028,245.0,27.2702,221.0,23.8268,186.2,32.1879,179.5,23.1589,168.1
16.4415,228.6,16.0544,225.5,17.5268,194.8,23.0285,161.1,24.4898,187.2,25.4043,158.7,21.374,278.0,27.7123,244.5,27.4784,220.1,24.2755,184.6,32.4151,178.3,23.3082,168.1
16.5667,227.0,16.1833,222.2,17.6554,194.1,23.1847,160.2,24.6523,187.0,25.7182,157.9,21.6197,277.1,27.9213,244.4,27.6856,219.2,24.4275,182.8,32.6362,177.7,23.4558,166.0
16.6912,226.3,16.3124,219.3,17.7844,194.1,23.3423,159.7,24.8178,186.0,25.8774,154.9,21.7404,276.1,28.1326,244.0,27.8931,218.7,24.5804,182.1,32.8568,175.8,23.6061,161.9
16.9319,225.0,16.5724,218.6,17.9112,193.1,23.6485,159.0,24.9825,185.7,26.5198,154.4,21.8618,275.6,28.3404,243.8,28.1063,218.1,24.883,182.0,33.0718,174.1,24.0683,159.7
17.172,224.9,16.7014,216.8,18.0383,191.1,24.0803,158.5,25.144,185.4,26.6873,153.5,21.983,274.8,28.5474,243.5,28.3161,217.8,25.0321,181.3,33.2919,174.0,24.2391,155.1
17.4136,224.2,16.8314,215.4,18.1692,190.4,24.2245,158.2,25.4521,183.6,26.8587,152.3,22.1054,274.5,28.7541,242.0,28.5273,216.7,25.18,179.9,33.5196,172.4,24.4053,153.6
17.5375,223.2,16.9579,214.7,18.2983,188.5,24.5175,156.8,25.6037,182.4,27.0264,150.6,22.2287,273.4,29.1735,241.5,28.7367,216.3,25.4784,179.0,33.74,171.2,24.7519,152.0
17.7837,223.1,17.0862,214.5,18.4274,188.1,24.6648,156.8,25.7536,182.2,27.357,150.3,23.0773,271.3,29.3819,241.1,28.9464,215.3,25.9472,178.5,33.9568,171.0,24.9069,150.6
17.9046,220.2,17.2144,212.5,18.5547,187.6,24.8142,156.0,26.0958,182.1,27.5189,148.3,23.8084,270.2,29.5886,240.6,29.161,213.7,26.2472,178.1,34.1756,169.9,25.0611,149.0
18.1451,218.8,17.3422,211.8,18.6821,185.4,24.9641,155.8,26.2614,180.1,27.6842,146.9,24.1702,269.3,29.796,237.0,29.3713,212.3,26.3966,177.2,34.3938,169.1,25.358,147.9
18.4013,217.9,17.4708,210.6,18.8109,185.0,25.1128,154.1,26.7396,178.9,27.8531,146.5,24.6538,268.5,30.0031,236.7,29.5822,212.1,26.6974,176.3,34.8307,169.0,25.5052,146.4
18.6471,216.2,17.6001,209.3,18.9379,183.2,25.2619,153.6,26.8959,177.9,28.0202,145.3,25.2569,267.8,30.42,234.8,29.7926,210.7,27.1432,174.5,35.0444,168.0,25.9458,145.0
18.7652,214.4,17.7275,208.0,19.0657,181.8,25.5569,152.9,27.0485,176.8,28.3496,144.4,25.3773,267.5,30.625,234.0,30.0043,208.9,28.1957,172.7,35.2589,167.5,26.0969,144.8
18.8836,214.3,17.8557,203.4,19.1939,181.5,25.8462,152.4,27.3456,174.7,28.5084,144.2,25.4974,266.6,30.8291,233.8,30.2189,207.9,28.4919,171.2,35.4737,167.4,26.2465,144.1
19.1186,214.2,17.9847,202.5,19.3202,180.1,26.1355,151.4,27.4971,174.7,28.6653,143.4,25.7356,265.6,31.243,232.9,30.4287,207.7,28.9413,171.0,35.692,167.1,26.3958,143.4
19.2383,212.8,18.1118,199.9,19.7044,178.5,26.2814,151.0,28.1407,174.4,28.8244,142.5,25.8517,265.2,31.651,232.2,30.6408,205.9,29.0906,169.5,36.121,164.7,26.5521,143.3
19.357,212.8,18.3708,197.0,19.8339,178.0,26.5777,150.5,28.4584,173.9,28.9846,142.0,26.0847,264.9,31.8577,231.7,30.8514,204.4,29.5417,169.3,36.5474,164.6,26.7054,142.2
19.4917,212.4,18.6304,196.0,19.9577,176.6,26.7278,150.2,28.9008,173.2,29.1418,141.7,26.2022,264.5,32.0601,231.3,31.0628,203.4,29.7049,168.7,36.7679,164.2,27.0041,141.3
19.6107,210.6,18.7596,194.5,20.08,175.5,26.8851,149.5,29.0586,173.0,29.3063,141.0,26.4406,264.4,32.267,229.5,31.2769,203.2,29.8707,168.5,36.9848,164.1,27.1575,140.8
19.967,206.6,19.1439,192.3,20.3339,173.5,27.0379,149.0,29.2185,167.4,29.4711,139.8,26.6757,263.4,32.6774,227.9,31.4865,202.4,30.362,167.8,37.2049,163.7,27.3126,139.3
20.3201,205.8,19.525,191.6,20.4573,173.4,27.1913,148.2,29.7084,166.9,29.6412,139.1,26.7994,262.8,32.8823,226.7,31.697,200.4,30.6746,167.6,37.4228,163.5,27.4651,138.4
20.4393,205.6,19.6489,189.5,20.716,171.7,27.3412,147.3,29.881,165.1,29.8034,138.5,27.0353,262.1,33.0865,226.3,31.9045,199.5,31.1197,167.2,37.8613,163.1,27.6129,137.5
20.5607,204.9,19.7793,189.2,20.8487,171.5,27.6307,145.8,30.0484,163.9,30.1324,137.6,27.1546,261.8,33.2905,224.9,32.1133,196.1,31.4162,167.0,38.0787,161.5,27.7642,136.4
20.681,203.5,19.9076,188.7,21.1032,170.2,28.2144,144.1,30.2158,161.7,30.4666,137.0,27.2713,261.2,33.7012,223.2,32.3265,195.5,32.7468,165.2,38.5185,160.9,28.2195,135.9
20.8013,202.8,20.0341,188.3,21.2391,169.2,28.6749,142.4,30.546,160.5,30.9387,135.6,27.3934,260.6,34.1081,222.8,32.5348,191.5,33.4996,164.7,38.7391,160.6,28.3692,135.5
20.9194,202.1,20.1602,187.4,21.5244,167.3,28.8272,141.4,30.7113,160.0,31.4396,134.1,27.5204,258.9,34.3118,222.4,32.9527,190.6,34.8612,163.8,38.959,157.4,28.6645,133.9
21.0388,201.1,20.2867,186.7,21.6551,165.8,29.4395,138.6,30.877,158.8,31.762,133.4,27.9027,257.9,34.5192,220.3,33.1602,190.2,35.2949,163.7,39.4009,156.8,28.9608,133.3
21.1598,198.5,20.4119,186.6,21.9218,164.9,29.6037,137.4,31.3629,157.6,31.9141,131.9,28.2565,257.4,34.926,219.5,33.3731,189.3,35.5872,163.5,39.8452,155.5,29.412,132.8
21.28,197.1,20.5385,185.9,22.0476,164.3,30.0841,137.0,31.5229,155.1,32.3775,130.6,28.9548,257.2,35.1294,218.1,33.5788,188.3,36.0286,163.2,40.0678,154.9,29.5586,132.6
21.3995,194.1,20.6655,184.1,22.1759,163.7,30.234,136.2,31.8234,153.9,32.5395,129.9,29.4228,255.9,35.3326,215.2,33.7877,187.6,36.3209,163.2,40.2871,154.4,29.8534,132.2
21.6418,193.2,20.9315,183.3,22.3014,162.8,30.3861,135.6,31.9769,153.1,32.6972,129.0,29.5533,255.9,35.746,215.0,33.9947,186.8,36.7713,162.2,40.5047,153.0,30.0021,131.7
21.7606,191.6,21.0671,179.7,22.4285,160.4,30.5354,134.4,32.579,152.3,33.005,128.4,29.803,254.7,35.9532,214.4,34.2066,185.7,37.0785,160.3,40.941,151.9,30.1495,131.5
21.9978,190.9,21.3325,177.8,22.6848,159.4,30.6892,133.2,32.8699,152.0,33.32,128.3,30.1837,253.6,36.3624,213.6,34.4194,184.9,37.3782,159.3,41.158,150.3,30.2971,131.0
22.1168,190.5,21.6017,176.7,22.8098,158.3,30.8519,133.2,33.0225,149.5,33.4802,127.0,30.6995,253.2,36.5829,212.8,34.6288,183.9,37.5269,159.0,41.3769,150.2,30.4437,130.9
22.4763,190.2,21.8635,175.9,22.9386,156.9,31.0222,131.9,33.621,148.8,33.6459,126.6,30.8317,252.2,37.1984,212.7,34.8362,182.4,37.97,158.3,41.5931,148.1,30.6053,129.7
23.6936,189.3,22.121,175.7,23.0709,156.4,31.4724,130.9,33.9498,145.9,33.9719,126.0,31.0939,251.9,37.819,212.4,35.0447,181.6,38.2614,158.0,41.8119,146.5,30.9095,129.4
24.0584,185.4,22.3885,174.0,23.2133,154.6,31.6349,130.1,34.4413,145.2,34.1376,124.4,31.4566,251.0,38.0246,212.0,35.2501,180.7,40.1629,157.1,42.0355,145.4,31.0581,129.1
24.1792,184.6,22.5244,171.9,23.4591,153.7,31.792,129.6,34.7813,145.2,34.3049,123.7,31.5717,250.6,38.2284,211.9,35.4634,180.3,40.5953,156.6,42.2528,144.7,31.2073,128.1
24.426,183.7,22.6685,171.7,23.5911,151.2,31.9553,129.1,34.953,144.2,34.6321,121.9,31.9358,250.1,38.434,211.9,35.672,178.6,40.9067,155.7,42.4711,143.0,31.358,127.5
24.5503,181.3,22.9263,169.1,23.994,149.4,32.1194,128.6,35.1116,143.4,34.9604,121.6,32.175,250.0,38.64,211.3,36.2956,176.8,41.2122,154.4,43.129,141.9,31.6614,127.3
24.7963,179.6,23.1741,169.1,24.4109,149.0,32.4454,127.8,35.7252,142.9,35.1208,120.9,32.425,249.3,38.8433,211.1,36.7183,176.6,41.3653,153.6,43.3433,141.2,31.9546,123.8
24.9188,178.2,23.4349,168.2,24.5439,148.8,32.6073,127.3,35.878,142.5,35.2809,120.5,32.6842,249.2,39.0454,210.7,36.9282,176.3,41.9865,153.5,43.5556,141.0,32.2544,123.0
25.4194,177.3,23.8441,166.8,24.6751,148.1,33.0851,126.8,36.0385,141.3,35.5998,119.6,32.8131,248.6,39.4511,209.1,37.3449,176.1,42.5996,153.0,43.7688,139.9,32.5587,123.0
26.519,175.2,24.0883,165.8,24.8076,147.0,33.5579,126.5,36.1991,140.8,35.7612,119.4,32.9416,248.5,39.6572,209.0,37.9769,174.2,42.7536,152.2,44.2008,139.9,32.7161,122.9
26.9944,174.5,24.2088,163.7,24.9388,146.9,34.0082,126.4,36.3494,140.7,35.9187,118.7,33.0698,248.5,40.0654,208.3,38.3938,173.9,43.2088,151.7,44.4151,138.7,32.8703,122.0
27.1142,173.8,24.3302,161.7,25.2007,146.8,34.1663,126.1,36.506,138.7,36.0797,117.4,33.4519,246.9,40.888,206.5,38.6048,173.9,43.3613,151.1,45.06,138.6,33.1769,121.4
28.1843,173.4,24.4525,161.2,25.3261,145.0,34.7857,124.9,36.6695,136.9,36.2363,117.1,33.9539,245.6,41.4952,205.7,38.811,173.6,43.518,150.7,45.2744,137.9,33.3457,120.5
28.422,173.3,24.5743,160.7,25.4512,144.3,35.5526,123.6,36.8323,136.3,36.3963,115.5,34.3039,244.8,41.702,205.3,39.2221,173.3,43.8242,147.1,45.4882,137.7,33.5159,119.9
29.2772,166.4,24.6977,158.9,25.6987,142.5,36.1579,121.7,36.9972,135.4,36.5579,114.2,34.422,244.7,41.9092,204.5,39.642,172.7,44.448,146.5,45.9133,137.6,33.8327,119.7
30.3615,165.7,24.8224,155.9,26.0662,141.6,37.5358,121.6,37.1611,134.4,36.866,113.6,35.3987,244.4,42.1135,204.1,40.2634,172.4,44.9096,146.1,46.3441,136.9,33.9903,119.5
30.7223,162.0,24.9446,155.3,26.1999,139.0,38.129,119.7,37.3232,133.8,37.1678,112.8,35.5162,244.2,43.5475,203.2,41.1047,171.1,45.0654,145.4,46.9873,135.5,34.1437,119.0
31.2175,160.3,25.0708,152.4,26.4766,138.8,38.6034,117.6,37.4851,133.4,37.3191,111.8,35.8677,243.9,44.362,202.6,41.943,170.0,45.2243,145.0,47.2084,134.7,34.4568,118.9
33.2607,160.0,25.1975,152.1,26.6109,136.9,39.3609,117.5,37.6449,131.7,37.6333,111.0,36.1034,243.7,44.7679,202.3,42.5691,169.5,45.5383,145.0,47.8508,134.6,34.6132,118.3
33.386,156.4,25.3245,150.3,26.8668,134.8,42.0862,117.0,37.9591,131.0,37.7985,109.9,37.0475,241.9,45.1786,202.3,43.8268,168.9,45.8469,144.9,48.0673,134.5,34.9159,117.5
33.7577,155.8,25.4522,149.2,27.0075,134.4,42.7318,116.5,38.4282,130.9,37.9672,106.6,37.6372,241.8,45.7901,200.3,44.4512,168.5,46.153,144.9,48.2864,134.2,35.5154,116.8
34.0087,155.5,25.5848,147.5,27.2718,134.3,44.8553,115.5,38.5803,129.2,38.5888,104.9,37.8756,240.3,46.0008,200.2,45.0765,168.3,48.7213,142.0,48.719,134.0,35.8209,116.8
34.2559,154.2,25.7132,146.0,27.4146,133.9,47.4444,114.8,38.7368,129.0,38.9051,102.5,38.1183,240.3,46.41,199.3,45.2834,166.2,49.1728,141.2,49.3765,133.7,35.9759,116.4
34.7503,153.8,25.9666,144.8,27.6725,133.4,48.2287,112.9,38.8909,128.1,39.3996,101.4,38.5054,239.2,46.6138,199.2,45.9042,166.1,49.6294,140.2,49.8107,133.6,36.2782,115.2
34.874,153.1,26.093,143.3,27.7945,132.1,48.3792,112.9,39.1984,127.2,39.7501,100.1,38.8775,238.8,46.8187,198.2,47.354,166.0,49.7823,139.3,50.2513,132.7,36.4294,115.1
34.9985,152.3,26.2194,142.5,28.0436,131.2,48.842,112.8,39.5002,125.5,40.0605,99.9,38.9959,238.0,47.0299,198.1,47.7663,165.2,49.9366,137.2,50.6794,132.3,36.5783,115.0
35.1215,150.3,26.3449,141.7,28.1802,130.3,49.0006,112.1,39.8013,124.6,40.2152,99.1,39.3613,237.6,47.2327,197.1,48.1816,165.2,50.6986,135.2,51.3339,131.8,36.7286,114.2
35.4911,149.9,26.4702,141.3,28.3183,129.6,49.1567,110.2,40.4322,123.1,40.3717,98.7,39.9518,236.6,47.6406,196.4,48.3883,164.9,51.2997,135.1,51.5499,131.3,36.8767,113.5
35.6152,147.9,26.5953,140.3,28.4426,129.4,49.7614,110.2,41.031,122.7,40.5283,97.3,40.667,236.4,48.0535,196.2,48.8044,164.0,51.4556,134.7,52.1914,131.1,37.6497,112.4
35.9859,146.9,26.8438,139.9,28.5733,127.8,49.928,108.2,41.182,122.6,40.837,95.1,42.0571,235.1,48.8659,195.0,49.0149,163.9,51.6139,132.7,52.4098,130.5,37.8059,111.8
36.1088,146.8,26.965,139.2,28.8263,127.3,50.546,106.6,41.3352,122.3,41.1646,94.6,42.6433,234.6,49.0754,193.8,49.8425,163.4,51.9178,131.6,52.623,130.0,38.2632,110.7
36.4771,145.7,27.0873,138.7,29.1937,123.7,51.1415,105.2,41.4797,121.6,41.3217,93.8,42.8794,234.4,49.4822,192.7,51.2961,162.9,52.0742,131.4,53.0522,129.8,38.42,110.0
36.6095,145.5,27.2141,138.0,29.3236,123.5,55.0187,103.7,41.6283,121.2,41.4816,93.5,43.1131,233.5,49.6875,192.0,54.2019,162.1,52.3855,130.3,53.2696,128.8,39.0289,109.6
36.8455,144.5,27.4712,137.1,29.4546,123.2,55.7449,103.3,41.7782,120.7,41.8141,92.7,43.352,233.4,51.1295,191.8,54.8269,162.0,52.6904,129.3,54.996,127.0,39.1812,109.1
37.1865,143.9,27.5952,137.1,29.5801,120.3,62.523,103.0,41.9447,120.3,42.1542,90.8,43.4703,233.4,51.7462,191.0,55.8665,161.8,53.599,127.9,55.6373,126.6,39.4823,108.7
37.9958,142.9,27.7194,135.9,29.7057,118.8,63.1464,100.9,42.1016,119.7,42.4861,90.6,45.0215,232.4,51.9502,191.0,56.6976,161.8,56.7705,127.9,56.0664,126.5,39.7872,108.6
38.1195,142.6,27.9711,134.5,29.9537,118.1,63.6352,99.7,42.4206,117.2,42.639,89.7,46.603,232.3,52.1583,190.7,57.1091,160.9,57.0659,127.1,56.4969,125.4,39.9377,107.8
38.3644,140.7,28.2193,134.0,30.0783,117.4,64.2986,98.7,42.5887,116.7,42.7946,87.8,47.2067,231.3,53.1898,190.7,57.738,160.7,57.5339,127.0,56.9331,124.9,40.5308,107.1
38.608,139.6,28.3432,133.3,30.4753,114.9,64.6075,97.7,43.0796,115.9,43.1171,86.7,47.3279,230.7,53.8028,190.2,58.1489,160.7,58.1925,125.9,57.1491,124.9,40.6745,106.8
39.2098,137.8,28.5919,132.6,30.8704,112.6,67.1651,97.0,43.2395,113.1,43.5782,86.0,47.4493,230.2,54.8309,190.1,58.3565,160.5,58.6431,125.0,57.3685,124.4,41.1164,106.1
39.6986,137.3,28.7167,132.5,31.1425,110.1,67.9459,96.3,43.3945,112.8,43.879,85.9,47.5716,229.2,55.0353,188.7,60.2267,159.8,58.9482,124.9,58.6628,124.0,41.4122,106.0
39.8204,136.3,28.8394,131.0,31.2789,110.0,68.3917,95.8,43.7035,112.0,44.193,84.9,47.6937,228.9,55.6559,188.3,60.8506,159.3,59.0945,124.4,61.8646,123.5,41.8502,105.6
40.1697,135.8,28.9607,130.3,31.4169,109.9,69.0012,94.9,43.858,112.0,44.4993,83.6,47.8163,227.9,55.8595,188.2,62.5154,158.8,60.9364,124.1,62.0774,123.2,41.998,105.2
40.8858,133.1,29.0807,128.9,31.9561,109.1,69.7476,93.3,44.0158,110.9,44.8089,82.4,48.0626,226.5,56.4782,187.2,63.1449,158.3,61.0931,124.0,62.7194,122.8,42.4605,105.1
41.4751,132.6,29.2008,128.6,32.0877,108.8,70.3777,91.8,44.4785,110.1,45.9088,81.8,48.1842,225.8,57.0962,186.7,68.1324,158.0,61.4062,123.6,63.369,122.6,42.6104,104.3
42.8982,132.5,29.3221,128.1,32.2214,106.6,70.9879,91.6,45.7272,109.5,46.4065,81.4,48.4291,224.4,57.5115,186.3,76.0138,157.9,63.489,123.5,66.7907,121.8,43.0612,104.1
43.389,131.8,29.4445,126.3,32.6196,106.4,71.8945,91.0,46.4818,108.9,47.0327,80.3,48.796,223.8,57.9192,185.9,82.0305,157.5,63.7832,123.3,67.4309,121.2,43.6615,103.9
45.9682,129.8,29.5664,125.6,32.7414,105.3,74.3258,89.3,46.9342,108.9,47.3517,79.9,49.286,222.9,58.3299,185.5,85.5601,157.4,69.1274,123.0,69.9999,121.1,43.9587,103.6
46.5589,128.9,29.687,125.2,33.1115,104.9,75.3404,87.9,47.2432,108.3,47.6732,78.8,49.53,221.9,58.7448,185.3,93.4286,156.3,69.5742,122.9,73.1963,120.7,44.4072,103.4
47.0348,127.1,29.8093,123.5,33.2374,104.8,75.822,87.2,48.6282,107.5,47.8357,78.4,49.7781,221.0,58.9497,184.8,101.948,155.7,70.0378,122.6,74.686,120.6,44.5559,103.2
48.2429,125.8,29.9331,120.8,33.3615,103.6,76.1439,87.0,48.9346,107.1,48.1607,77.4,50.1429,219.8,59.5613,184.6,106.52,155.1,72.507,122.3,75.1103,120.1,46.8412,101.9
48.4783,124.1,30.0561,119.9,33.7222,102.4,76.3007,86.5,49.2409,106.3,48.6416,75.9,50.2672,218.8,60.5799,183.6,112.769,154.2,80.1287,122.0,75.5402,119.7,47.9186,101.1
48.8431,123.5,30.1798,118.4,34.578,101.8,76.6058,85.8,49.7085,106.0,48.8007,75.3,52.0091,218.0,62.2232,183.3,127.023,152.9,82.373,120.3,75.9733,119.1,48.3647,100.8
48.9657,123.4,30.3042,115.1,34.8259,100.0,76.7588,85.5,50.1667,102.4,48.9596,75.2,52.4961,217.4,63.0497,183.1,138.035,152.9,82.8207,119.4,76.4124,117.8,49.7141,99.7
49.3314,123.4,30.429,115.0,36.2045,99.4,76.9167,84.6,51.2351,100.0,49.1181,74.6,52.7376,217.0,63.8716,183.0,143.634,152.8,83.1236,118.9,77.0609,117.2,50.3104,97.1
51.783,123.2,30.5534,114.3,36.3293,97.4,77.072,84.0,51.9957,99.2,49.4243,73.3,53.1003,216.9,64.6829,182.6,156.293,152.0,84.1817,118.9,79.6256,116.8,51.076,96.7
52.3855,122.5,30.6783,113.9,37.3319,95.2,77.3767,82.5,52.467,97.7,49.5779,72.7,54.3147,215.6,65.2966,182.1,183.275,151.1,84.6292,117.6,80.4767,116.1,52.7238,95.9
52.5098,122.1,30.8031,112.8,37.7059,94.2,81.1199,80.3,52.9293,96.8,51.7613,72.0,54.92,214.9,66.9332,181.7,185.777,150.7,85.6804,117.2,80.9039,115.6,57.4417,95.4
52.7469,121.9,30.9287,111.7,38.9799,92.8,82.0121,80.1,53.087,96.7,53.1955,71.8,56.0113,214.6,68.3673,181.5,187.234,149.7,85.829,117.0,81.117,115.4,63.7829,95.1
52.8637,121.3,31.0521,111.5,39.3569,92.7,82.4517,79.4,53.2403,95.8,55.0238,71.0,57.422,213.8,68.7728,181.0,188.274,147.8,86.1301,113.1,82.1961,114.7,66.1329,93.4
53.1007,119.5,31.1755,110.2,39.7333,91.5,82.9071,78.9,54.0027,94.7,55.9712,69.1,58.0164,213.4,69.1834,180.7,188.893,147.4,86.4349,112.5,82.6202,114.4,81.4895,93.4
53.3345,118.9,31.3004,109.5,39.858,91.3,83.2121,78.6,55.1738,93.7,56.923,69.1,58.2553,211.4,69.3847,180.6,191.391,147.2,87.5042,112.0,85.8274,114.0,85.9411,93.0
53.6971,118.3,31.4246,108.6,40.2355,91.0,83.3633,78.1,55.3182,93.1,57.0838,69.1,58.492,211.0,69.7901,180.3,194.5,146.5,90.3521,111.4,89.6687,111.9,105.895,92.5
53.9315,117.6,31.5487,107.5,40.3608,86.9,83.6701,77.4,55.9001,92.9,57.7437,68.3,59.6783,210.5,70.1987,180.1,196.164,145.6,92.4426,109.5,93.0846,111.0,106.199,90.6
55.7309,116.2,31.6717,107.4,41.3651,86.0,86.6736,76.7,56.4823,92.4,58.408,67.8,60.9838,210.2,70.603,179.0,201.989,145.1,96.9333,108.3,93.7269,109.7,121.283,90.2
56.2157,114.4,31.7973,106.5,41.866,85.0,88.3477,75.7,56.6324,92.1,61.4645,67.7,61.3405,209.9,71.0169,178.5,206.331,144.4,113.117,107.7,95.6937,109.7,122.214,89.9
56.5664,113.5,32.0447,105.4,42.5032,84.3,89.3934,75.0,57.0657,91.5,62.069,66.9,61.4615,209.6,74.5198,177.9,208.838,143.0,128.56,105.8,96.55,109.1,129.847,86.4
56.6855,112.8,33.0732,104.8,43.8807,83.6,90.1488,74.4,57.6397,91.3,62.2189,66.7,62.2901,209.1,75.5517,177.8,240,143.0,131.808,105.7,97.1913,108.8,133.665,84.9
56.803,112.0,33.4407,104.4,44.2586,82.1,90.3069,74.1,58.3983,90.5,63.4656,66.7,62.8873,208.6,76.9819,177.1,,,135.534,104.4,97.4083,108.3,134.458,84.7
56.9258,111.5,33.5653,102.8,44.5123,81.9,90.4613,73.7,58.5513,89.1,64.0931,66.2,63.6031,208.2,77.3943,176.9,,,136.301,104.0,100.605,107.2,134.928,83.8
57.0427,110.6,35.3402,102.6,44.9169,81.4,90.9201,72.8,59.008,88.4,64.2545,65.8,64.903,206.4,77.8036,176.3,,,136.759,103.2,103.164,107.0,240,83.8
60.0022,110.0,35.7178,102.1,45.6567,80.5,91.3852,72.1,59.614,86.9,64.4161,65.0,65.6376,205.6,79.0302,176.0,,,137.38,103.2,112.971,105.8,,
60.3887,109.8,35.845,101.3,45.9204,79.5,91.5356,71.5,60.3499,85.8,64.8909,63.8,67.1115,203.7,80.8834,175.2,,,137.537,102.7,113.188,104.8,,
60.65,109.1,36.2281,99.7,46.2962,79.2,91.9928,70.9,61.0784,85.6,65.0532,63.4,67.4717,201.9,83.3537,174.4,,,143.667,100.5,114.044,103.3,,
60.784,108.5,36.8687,99.0,46.5568,78.1,92.1484,69.5,61.2281,84.5,65.3682,63.2,68.2044,201.2,84.7938,173.7,,,144.295,97.9,115.972,102.9,,
61.0536,107.7,37.1059,96.7,47.2838,77.2,92.7654,68.1,61.5159,83.4,65.6687,62.8,68.3283,200.4,86.6324,172.3,,,144.92,96.6,123.204,102.8,,
61.1772,107.1,37.5059,96.3,48.0344,76.0,93.2234,67.0,61.8111,82.1,67.9848,62.3,68.4507,198.4,92.3515,172.3,,,145.536,96.4,123.843,101.3,,
61.4356,106.6,37.6302,95.7,48.1626,75.1,93.6641,66.0,62.2575,80.9,70.2925,62.0,68.6865,197.7,95.0052,172.1,,,147.318,95.6,125.342,101.2,,
70.1071,106.2,37.9898,95.2,49.1964,74.0,93.9603,65.2,63.463,79.8,71.9679,61.7,69.8846,197.2,95.4212,172.1,,,148.927,94.7,141.159,100.6,,
70.479,105.3,38.3492,94.0,49.4588,73.7,94.264,65.0,64.647,79.1,73.5009,61.3,71.2172,196.4,96.0311,171.9,,,149.527,93.4,141.588,100.6,,
71.9578,104.5,39.4892,92.8,50.4997,73.6,106.892,63.6,65.9479,78.3,76.2558,61.0,72.5361,196.3,97.4651,170.9,,,150.128,93.3,141.8,99.9,,
72.2032,104.3,39.7335,92.7,50.8767,73.0,107.334,62.9,66.7059,77.8,76.8664,60.2,73.2703,196.3,98.4874,170.1,,,150.425,92.7,142.45,99.7,,
73.0687,103.6,40.0949,92.6,51.1241,72.2,109.436,62.0,67.4448,77.1,79.0786,59.9,74.2063,196.2,98.6918,170.1,,,153.27,92.2,145.448,98.7,,
73.5794,103.6,40.2215,91.3,51.2476,71.7,109.74,59.9,68.0253,76.6,81.1841,59.1,75.0558,194.9,99.0979,167.0,,,166.568,91.9,159.513,98.4,,
73.9611,102.1,41.6773,91.0,51.3693,71.7,110.351,59.2,69.9014,75.2,81.8088,58.0,75.5422,194.4,99.3056,165.3,,,170.569,91.1,167.187,97.9,,
85.7514,102.0,41.9179,90.5,51.6144,71.3,110.511,59.1,71.9927,75.1,83.4778,57.7,78.3309,194.0,99.5137,164.5,,,176.848,90.7,176.559,96.8,,
88.5995,98.9,42.0377,89.5,51.8608,70.9,110.661,58.8,73.9319,75.0,84.7282,56.7,82.7158,193.7,100.744,162.3,,,177.297,88.7,191.079,96.6,,
91.3866,97.9,42.3995,88.9,52.231,70.9,110.959,58.4,74.3825,73.3,85.1758,56.0,83.5298,192.8,104.223,161.9,,,182.766,88.6,191.929,96.0,,
94.005,97.0,42.5301,88.1,52.3556,70.8,111.108,57.7,81.6713,69.6,85.4796,54.6,84.1063,191.9,104.428,161.6,,,183.21,87.9,192.565,95.8,,
94.6314,95.8,42.6634,87.4,52.4818,69.8,111.259,57.3,82.1438,68.9,94.1518,53.2,86.749,191.4,105.041,161.2,,,192.474,86.9,192.997,95.4,,
95.0063,95.6,42.7949,86.0,52.6044,69.0,111.559,56.7,82.4463,68.5,101.426,53.1,87.2467,190.2,116.73,160.8,,,205.069,86.8,231.318,94.7,,
95.5062,94.1,45.982,85.7,52.8529,67.9,112.661,56.2,88.5301,68.2,102.068,52.2,87.3683,189.7,117.753,160.3,,,206.069,86.7,240,94.7,,
96.1403,93.7,46.4732,84.3,53.2279,67.1,113.274,55.6,89.1128,67.4,109.474,50.6,87.8641,189.5,137.407,158.5,,,206.807,86.5,,,,
98.2297,92.2,46.9773,84.0,54.5837,65.7,113.887,55.0,89.4082,66.7,111.767,50.6,88.6233,189.1,176.539,158.0,,,207.251,86.2,,,,
98.592,91.4,47.854,82.3,54.8257,64.9,114.04,54.6,90.0112,66.1,116.225,50.2,89.5677,188.6,190.877,157.1,,,209.595,85.5,,,,
98.7143,90.5,48.4767,81.3,54.9485,64.0,114.35,54.1,90.3189,65.8,116.525,50.1,90.5226,187.3,226.231,157.0,,,215.424,84.6,,,,
99.0874,87.4,48.6114,80.9,55.1986,61.7,114.503,53.8,90.6263,65.5,130.555,49.8,91.1177,186.4,240,157.0,,,240,84.6,,,,
99.5866,86.6,49.1186,79.3,55.692,60.2,115.546,53.2,91.2338,65.0,136.606,49.7,96.4269,184.2,,,,,,,,,,
99.7091,85.2,49.4977,77.9,56.6629,59.1,130.692,53.0,91.5342,64.6,136.749,48.7,99.7846,183.8,,,,,,,,,,
100.071,84.1,49.8757,77.5,59.3472,58.2,131.301,53.0,95.0811,64.2,137.044,47.4,109.823,183.4,,,,,,,,,,
100.191,83.3,50.1279,77.4,59.8414,57.2,131.909,52.5,101.198,63.6,154.437,47.3,114.153,183.0,,,,,,,,,,
100.31,83.0,50.5087,77.2,61.6675,56.4,132.377,51.8,101.348,63.5,154.591,47.2,115.533,182.9,,,,,,,,,,
109.533,82.9,50.7559,75.2,62.1983,56.1,133.136,51.4,108.387,63.2,155.522,46.7,116.153,180.7,,,,,,,,,,
109.909,81.6,51.1344,74.9,63.5017,55.1,138.091,48.8,108.838,62.7,157.213,45.7,117.998,180.5,,,,,,,,,,
110.521,80.5,51.261,73.1,64.2776,54.4,139.012,46.5,110.499,61.9,159.377,45.4,130.736,179.2,,,,,,,,,,
110.759,79.8,51.386,71.9,64.5351,53.2,168.608,46.4,114.969,61.9,160.304,44.7,133.227,178.9,,,,,,,,,,
112.339,79.5,51.5105,70.1,64.9169,51.6,171.286,45.1,115.118,61.4,162.968,43.3,139.868,178.2,,,,,,,,,,
126.924,78.4,51.7596,70.0,65.1674,49.2,205.78,44.4,116.164,60.2,167.314,42.0,158.775,178.0,,,,,,,,,,
127.774,78.4,51.8848,69.2,66.9204,48.7,212.809,44.2,116.47,59.9,168.522,41.9,194.335,177.9,,,,,,,,,,
128.023,78.4,52.3801,68.9,67.5168,47.8,213.577,43.8,116.626,59.5,169.416,41.9,220.887,176.5,,,,,,,,,,
128.378,78.3,53.3636,68.7,67.6381,47.3,222.777,43.2,116.776,59.4,169.858,40.7,222.965,176.0,,,,,,,,,,
128.622,78.1,53.6104,68.2,68.1185,46.1,240,43.2,116.926,59.0,170.312,40.0,223.856,175.4,,,,,,,,,,
128.746,75.5,55.4777,67.9,68.4821,45.4,,,117.073,58.7,171.133,39.6,230.124,174.7,,,,,,,,,,
128.869,75.5,56.1009,67.2,68.5985,44.5,,,117.222,58.2,172.257,38.6,230.967,173.9,,,,,,,,,,
129.107,74.8,56.2214,67.0,68.7156,43.0,,,117.372,57.8,173.047,38.1,237.907,173.8,,,,,,,,,,
129.225,73.9,56.7014,64.8,70.4683,42.7,,,117.534,57.4,175.488,38.0,240,173.8,,,,,,,,,,
129.345,73.2,57.5325,64.0,71.098,42.3,,,117.685,57.1,184.431,37.8,,,,,,,,,,,,
129.464,72.5,57.7724,63.8,71.4739,41.7,,,117.835,56.5,195.622,37.7,,,,,,,,,,,,
129.583,72.5,57.8969,63.7,71.8308,41.5,,,120.453,55.8,195.927,37.4,,,,,,,,,,,,
129.704,70.9,58.0256,63.5,71.9529,41.2,,,121.499,54.9,196.542,37.0,,,,,,,,,,,,
129.823,70.7,58.2883,63.1,72.9294,41.0,,,121.939,54.7,196.864,35.9,,,,,,,,,,,,
129.942,70.2,58.4182,62.7,75.6658,40.2,,,122.374,53.6,198.229,35.1,,,,,,,,,,,,
130.061,70.1,59.1763,61.9,76.704,39.2,,,126.236,53.5,200.358,34.7,,,,,,,,,,,,
130.182,69.7,59.784,61.9,77.2024,37.5,,,126.536,51.4,201.134,34.5,,,,,,,,,,,,
130.303,69.0,59.909,61.8,79.7573,36.3,,,126.84,51.2,201.586,33.4,,,,,,,,,,,,
130.542,68.4,60.4194,61.6,89.9453,35.7,,,127.299,50.7,202.04,32.9,,,,,,,,,,,,
130.779,67.2,61.8835,61.5,90.5791,35.5,,,129.519,49.4,202.333,31.8,,,,,,,,,,,,
130.899,66.9,62.0039,60.8,90.9577,34.8,,,130.26,49.1,204.618,31.1,,,,,,,,,,,,
131.138,66.6,68.1425,60.8,101.151,33.9,,,139.152,48.0,207.528,29.4,,,,,,,,,,,,
135.031,65.7,68.5098,58.9,101.644,32.8,,,139.877,47.4,222.076,28.7,,,,,,,,,,,,
136.016,65.0,69.0301,58.1,114.741,32.8,,,141.354,45.3,222.989,28.7,,,,,,,,,,,,
136.625,64.7,69.1608,57.9,128.766,30.6,,,146.772,45.2,230.266,26.4,,,,,,,,,,,,
136.872,63.7,69.4002,57.1,130.02,30.2,,,147.366,43.6,231.487,26.1,,,,,,,,,,,,
137.24,62.8,69.5168,56.3,140.555,30.0,,,147.819,43.4,232.861,25.9,,,,,,,,,,,,
137.363,62.7,69.6353,56.2,173.97,29.4,,,148.424,42.7,240,25.9,,,,,,,,,,,,
137.486,62.6,69.7544,56.2,189.401,28.7,,,148.727,42.3,,,,,,,,,,,,,,
137.611,62.4,69.8733,55.4,194.662,28.0,,,148.875,42.1,,,,,,,,,,,,,,
137.858,61.7,72.519,54.6,204.886,27.9,,,149.026,41.6,,,,,,,,,,,,,,
137.982,61.4,77.0345,54.3,217.08,27.8,,,151.579,41.5,,,,,,,,,,,,,,
141.644,59.9,78.1495,52.2,217.819,27.7,,,165.254,41.2,,,,,,,,,,,,,,
142.257,54.6,78.5214,51.1,219.281,26.5,,,165.846,41.1,,,,,,,,,,,,,,
172.587,53.1,81.9858,50.8,231.734,26.4,,,171.657,40.4,,,,,,,,,,,,,,
195.305,52.7,82.2412,50.2,240,26.4,,,172.553,40.3,,,,,,,,,,,,,,
195.894,51.9,86.7575,49.1,,,,,172.702,38.3,,,,,,,,,,,,,,
196.137,51.5,87.8643,47.9,,,,,173.15,38.1,,,,,,,,,,,,,,
197.828,49.0,99.9593,47.4,,,,,175.542,38.0,,,,,,,,,,,,,,
198.423,47.8,103.07,46.9,,,,,176.134,37.4,,,,,,,,,,,,,,
198.785,47.0,104.781,46.6,,,,,184.619,35.5,,,,,,,,,,,,,,
199.025,46.4,107.396,46.4,,,,,210.062,35.0,,,,,,,,,,,,,,
199.262,45.6,114.645,45.7,,,,,210.354,33.6,,,,,,,,,,,,,,
204.277,45.1,118.086,44.0,,,,,212.85,32.0,,,,,,,,,,,,,,
204.521,44.3,122.636,43.8,,,,,217.006,30.5,,,,,,,,,,,,,,
219.604,43.8,123.131,43.2,,,,,219.577,29.7,,,,,,,,,,,,,,
219.73,43.0,123.486,42.8,,,,,240,29.7,,,,,,,,,,,,,,
227.258,42.6,123.839,41.0,,,,,,,,,,,,,,,,,,,,
237.462,41.1,124.079,40.5,,,,,,,,,,,,,,,,,,,,
240,41.1,130.164,40.0,,,,,,,,,,,,,,,,,,,,
,,145.401,38.7,,,,,,,,,,,,,,,,,,,,
,,145.805,38.4,,,,,,,,,,,,,,,,,,,,
,,162.16,37.9,,,,,,,,,,,,,,,,,,,,
,,162.749,37.4,,,,,,,,,,,,,,,,,,,,
,,163.143,36.8,,,,,,,,,,,,,,,,,,,,
,,163.264,36.8,,,,,,,,,,,,,,,,,,,,
,,163.382,36.8,,,,,,,,,,,,,,,,,,,,
,,163.503,35.8,,,,,,,,,,,,,,,,,,,,
,,163.874,35.2,,,,,,,,,,,,,,,,,,,,
,,164.241,35.2,,,,,,,,,,,,,,,,,,,,
,,174.436,34.6,,,,,,,,,,,,,,,,,,,,
,,195.004,34.2,,,,,,,,,,,,,,,,,,,,
,,195.249,32.8,,,,,,,,,,,,,,,,,,,,
,,208.568,31.2,,,,,,,,,,,,,,,,,,,,
,,212.862,31.0,,,,,,,,,,,,,,,,,,,,
,,220.65,30.0,,,,,,,,,,,,,,,,,,,,
,,235.67,29.6,,,,,,,,,,,,,,,,,,,,
,,240,29.6,,,,,,,,,,,,,,,,,,,,
