0.572963,185.1,0.548881,190.3,0.558829,188.0,0.679061,189.9,0.701192,191.5,0.669098,191.1,0.550329,191.2,0.542938,188.2,0.675533,187.9,1.02489,189.2,0.698181,191.8,0.729822,190.2
0.970728,184.2,0.950808,185.1,0.946823,185.3,1.21372,181.7,1.23631,186.3,1.2135,186.9,0.965766,183.3,0.955192,187.5,1.12668,185.0,1.77759,187.3,1.22466,183.7,1.28752,185.1
1.37197,178.9,1.35614,182.7,1.33591,182.1,1.75211,179.1,1.78364,178.7,1.73773,177.0,1.38797,182.8,1.35777,181.5,1.55515,183.4,2.52393,178.1,1.76976,179.8,1.8324,180.1
1.74813,175.9,1.76375,176.0,1.74823,178.2,2.26438,175.1,2.33646,176.7,2.29075,174.4,1.7747,178.1,1.76528,179.2,1.98342,177.1,3.28128,176.6,2.28764,176.2,2.35691,175.3
2.13122,171.4,2.18945,171.9,2.1394,171.5,2.79058,170.1,2.89654,171.0,2.83617,171.1,2.17323,174.6,2.18896,175.2,2.42286,175.1,4.03285,172.6,2.79062,173.1,2.88138,172.0
2.5095,168.9,2.59971,169.1,2.53326,170.1,3.30877,166.8,3.40764,169.9,3.39207,169.1,2.56564,173.0,2.61164,173.5,2.84169,173.2,4.78467,169.7,3.31858,170.1,3.43065,169.2
2.90306,165.0,3.01094,167.2,2.91499,169.3,3.82001,165.0,3.9083,166.5,3.95197,166.0,2.94713,170.5,3.03709,169.7,3.34981,169.6,5.53441,164.9,3.83093,165.2,3.98507,163.0
3.2722,159.5,3.40882,164.7,3.29381,165.3,4.33257,162.6,4.42578,163.9,4.51271,160.9,3.32485,168.4,3.50066,166.3,3.80165,163.9,6.28904,162.4,4.36543,163.0,4.54724,161.4
3.63948,158.8,3.80196,162.1,3.67687,164.8,4.85199,156.3,4.9584,163.0,5.10237,160.2,3.70375,164.8,3.90598,165.8,4.24667,161.7,7.04288,158.3,4.87613,159.9,5.09636,154.6
4.01711,156.1,4.18295,159.8,4.06029,162.6,5.37055,154.0,5.47976,159.8,5.63821,157.4,4.08061,163.2,4.29919,163.2,4.66242,160.2,7.78415,154.0,5.41455,157.0,6.12754,151.8
4.40104,155.3,4.564,155.4,4.44235,160.5,5.89334,150.5,5.99032,155.3,6.1725,153.3,4.45402,160.6,4.69407,162.0,5.07866,158.1,8.53305,153.5,5.94721,154.8,6.66371,149.2
4.79338,150.5,4.95011,152.5,4.82333,159.0,6.41741,149.0,6.497,154.1,6.71013,150.8,4.85811,158.1,5.07724,159.9,5.50586,156.2,9.28194,151.7,6.46847,151.5,7.19462,146.2
5.17596,149.0,5.33284,151.3,5.20641,154.3,6.93072,148.6,7.05352,151.0,7.26908,149.3,5.23254,155.7,5.4641,156.9,5.91006,153.1,10.0336,150.0,6.97991,149.9,7.72297,144.1
5.55955,147.5,5.72886,147.7,5.57855,153.6,7.45033,146.3,7.56693,149.2,7.78523,145.4,5.61503,153.8,5.85831,154.8,6.33092,150.4,10.7669,147.9,7.48592,146.9,8.26676,141.4
5.94466,144.8,6.11909,146.5,5.97425,151.2,7.98049,144.3,8.06738,147.7,8.33308,141.9,5.98813,149.5,6.24478,151.3,6.74376,148.3,11.5047,147.0,7.9868,142.5,8.78796,137.6
6.33309,143.6,6.49745,144.5,6.36541,149.2,8.5001,141.5,8.57785,145.1,8.88342,140.6,6.35997,147.3,6.64498,149.9,7.13344,146.1,12.2494,144.7,8.99495,138.0,9.32233,135.5
6.71263,141.2,6.86452,141.8,6.74622,147.6,9.01141,140.1,9.10824,141.9,9.43712,139.3,6.73717,146.8,7.02858,147.3,7.53066,142.4,12.993,141.8,9.50065,136.1,9.85947,134.9
7.0862,139.2,7.22563,139.2,7.12789,145.5,9.51605,137.6,9.63956,138.3,9.94831,136.6,7.11808,143.9,7.4415,144.3,7.93376,141.3,13.7334,139.6,9.99969,135.5,10.3762,132.5
7.45933,137.4,7.61099,137.4,7.50111,144.8,10.0218,134.8,10.1512,137.6,10.4727,132.9,7.49249,142.5,7.81988,141.1,8.32647,139.4,14.4701,139.0,10.5211,131.2,10.9068,130.5
7.8298,135.3,7.98009,135.5,7.87448,141.9,10.5199,133.5,10.6972,134.2,10.9864,131.5,7.86863,139.6,8.20612,140.3,8.71453,136.5,15.2115,136.8,11.0355,128.9,11.4428,128.4
8.20116,134.3,8.36415,133.6,8.24869,140.0,11.0214,132.3,11.2061,132.5,11.511,129.8,8.24643,137.7,8.61569,138.5,9.10924,135.1,15.9839,131.7,11.5553,127.8,11.9855,127.3
8.57301,131.3,8.7547,132.5,8.62173,137.4,11.5457,129.0,11.735,129.5,12.0246,128.5,8.63053,134.0,9.006,136.4,9.50941,133.1,16.7303,130.8,12.0681,125.1,12.5345,124.5
8.95788,130.7,9.13609,130.3,8.99175,135.9,12.0768,127.1,12.2627,129.0,12.5409,125.9,9.01503,132.8,9.39828,134.0,9.90639,132.0,17.4747,128.8,12.6179,124.5,13.0889,123.5
9.34008,128.2,9.50937,129.7,9.36233,133.6,12.6138,126.2,12.7901,125.9,13.0669,125.0,9.42045,131.7,9.77269,132.3,10.3084,130.1,18.209,127.3,13.16,121.9,13.6269,121.0
9.73227,126.4,9.90629,128.8,9.74159,130.6,13.1394,124.6,13.2999,124.8,13.6117,122.2,9.80146,130.2,10.1484,130.6,10.6937,128.4,18.9514,124.9,13.686,121.1,14.1537,118.9
10.1047,125.6,10.2939,127.5,10.1651,129.7,13.6539,123.7,13.7985,121.4,14.1663,121.3,10.1589,129.2,10.5454,128.4,11.0785,126.9,19.6945,123.1,14.1845,117.9,14.6808,116.5
10.4817,123.5,10.6833,126.3,10.5444,126.8,14.1708,122.4,14.7972,120.4,14.7095,120.2,10.5222,127.2,10.9479,127.3,11.4711,125.3,20.4265,122.1,14.6836,117.8,15.203,116.3
10.8698,121.5,11.0735,125.2,10.913,123.6,14.6877,120.0,15.3096,117.2,15.2333,118.7,10.8914,125.4,11.3824,125.6,11.8575,123.9,21.1712,120.6,15.1925,115.9,15.7159,115.2
11.2362,120.0,11.4717,123.9,11.2827,121.8,15.2068,118.8,16.3273,115.7,15.7579,117.7,11.2573,123.7,11.7732,124.4,12.2514,121.9,21.9086,118.9,15.7009,115.5,16.2135,112.1
11.6002,118.7,11.8533,122.3,11.653,119.6,15.7254,115.9,16.8578,115.2,16.2844,116.3,11.6256,122.4,12.1427,122.9,12.6588,120.2,22.6478,116.8,16.1977,114.2,16.7146,110.5
11.9699,117.4,12.2444,121.3,12.0234,118.7,16.2442,115.5,17.3581,114.3,16.8122,115.1,12.0224,120.3,12.5099,122.4,13.0802,118.3,23.3787,115.0,16.703,113.3,17.2135,109.0
12.3312,116.1,12.6521,120.0,12.391,117.0,16.7856,114.4,17.8586,112.5,17.3532,113.3,12.4228,119.8,12.8832,121.3,13.4801,117.5,24.1253,113.2,17.2024,110.8,17.7448,108.0
12.6953,114.7,13.0221,119.2,12.7587,114.7,17.2719,113.0,18.3619,110.6,17.8927,112.9,12.8251,118.5,13.2538,120.2,13.8696,115.8,24.8634,111.5,17.7043,109.4,18.2594,106.3
13.0633,114.0,13.4093,118.6,13.1207,114.0,17.7389,111.9,18.8798,110.1,18.4343,111.2,13.2214,116.9,13.6217,119.4,14.2428,114.5,25.5978,109.9,18.2162,108.9,18.7649,105.1
13.4477,112.7,13.7832,117.4,13.4939,112.9,18.2146,111.3,19.3829,108.7,18.9754,110.5,13.6015,116.6,14.0036,117.6,14.6608,113.4,26.3388,107.9,18.7174,108.1,19.2815,105.0
13.8116,111.8,14.15,116.3,13.8651,112.3,18.7312,109.1,19.8875,107.9,19.5249,107.8,13.9697,114.8,14.3714,117.0,15.0741,111.8,27.079,106.3,19.1963,106.0,19.8223,103.9
14.2015,110.5,14.5311,114.4,14.2275,111.5,19.233,108.7,20.3924,106.6,20.0552,107.7,14.3333,114.3,14.7474,115.7,15.4867,111.0,27.8139,105.5,19.6735,105.9,20.3316,102.4
14.5556,109.2,14.9071,113.8,14.6229,111.2,19.7334,105.6,20.8997,105.8,20.6111,107.0,14.7177,113.5,15.1485,114.6,15.9039,110.1,28.5576,104.3,20.1831,105.1,20.8374,101.1
14.9223,108.9,15.2729,113.1,14.9976,110.1,20.2352,104.9,21.4124,104.6,21.1409,104.1,15.0826,113.1,15.5587,114.0,16.3283,108.6,29.2964,103.0,20.7169,103.9,21.3476,100.4
15.2927,107.9,15.6439,112.0,15.3822,109.5,20.7343,104.2,21.9281,102.4,21.6571,103.7,15.4603,111.8,15.9439,113.0,16.7331,108.2,30.0325,101.9,21.2389,103.3,21.85,99.8
15.6499,107.7,16.012,110.6,15.7991,108.2,21.2631,103.5,22.4337,101.6,22.1826,103.3,15.8367,110.9,16.351,112.0,17.1686,106.9,30.7623,101.0,21.7464,102.6,22.3766,99.5
16.0068,107.1,16.3929,109.7,16.2009,107.3,21.7865,102.1,23.4435,100.7,22.7299,101.3,16.2237,110.2,16.7264,111.0,17.5686,105.8,31.5031,99.5,22.2503,101.3,22.9451,97.9
16.3671,106.2,16.7803,108.9,16.604,105.3,22.2826,101.0,23.9583,99.8,23.2707,100.9,16.6147,109.7,17.0962,109.4,17.9642,104.7,32.2334,99.3,22.7799,100.9,23.4676,97.0
16.7377,105.7,17.1634,107.8,16.9966,104.1,22.7762,100.5,24.4588,99.1,23.8186,100.6,16.9874,109.5,17.4647,108.8,18.3824,103.7,32.957,98.3,23.3207,99.5,24.014,96.1
17.1101,104.7,17.5483,106.5,17.3994,103.9,23.2721,99.1,24.9599,98.1,24.3495,99.6,17.3635,109.2,17.8327,107.7,18.8034,103.0,33.6848,97.8,23.8489,98.9,24.5468,95.5
17.4885,104.2,17.9305,105.3,17.8026,102.7,23.7689,98.8,25.497,97.4,24.8745,99.5,17.7378,108.8,18.2046,106.7,19.2166,102.0,34.4213,96.9,24.3573,98.1,25.0829,93.9
17.8485,103.8,18.3128,104.1,18.1881,102.1,24.2684,98.1,26.017,96.9,25.3919,98.3,18.1127,108.5,18.5789,105.6,19.6177,101.0,35.1533,96.7,24.8638,96.6,25.6451,93.1
18.2152,103.2,18.7092,103.5,18.564,101.5,24.7668,97.3,26.5227,96.0,25.9267,97.4,18.4874,108.0,18.9419,105.1,20.0026,100.6,35.8871,95.2,25.3633,96.0,26.1946,91.4
18.5773,102.7,19.11,101.7,18.9397,101.2,25.269,96.3,27.0244,94.7,26.444,97.0,18.8674,107.5,19.3131,104.4,20.4107,99.8,36.6394,94.9,25.8687,94.9,26.724,90.8
18.9385,102.4,19.8724,100.3,19.3196,100.4,25.7791,95.1,27.5367,93.2,26.9656,95.7,19.2438,107.0,19.693,103.7,20.7866,99.4,37.3824,94.2,26.3724,94.8,27.2554,90.1
19.2968,101.9,20.2633,99.0,19.7249,100.2,26.3001,94.8,28.0478,92.8,27.4938,95.1,19.6221,106.7,20.0849,102.7,21.1767,98.3,38.1187,93.0,26.8803,94.5,27.7885,88.6
19.6574,101.3,20.6498,98.8,20.1178,99.4,26.8234,94.6,28.5923,92.0,28.5728,93.5,19.9946,105.7,20.5114,102.4,21.617,97.5,38.8565,92.2,27.4103,93.0,28.8106,87.7
20.0208,101.0,21.0601,98.4,20.4993,98.8,27.3112,94.0,29.1263,91.4,29.0987,93.1,20.3642,105.7,20.8904,102.0,22.0591,97.3,39.5949,91.6,28.4359,91.5,29.3317,87.3
20.3894,100.4,21.4779,97.6,20.8988,98.0,27.8061,92.6,29.6133,91.2,29.6356,91.9,20.7495,104.7,21.2934,101.5,22.4655,96.6,40.3296,90.8,28.9517,90.8,29.8465,86.9
20.758,100.4,21.8691,97.0,21.2945,97.3,28.3186,92.2,30.1366,90.3,30.1557,91.4,21.1195,104.3,21.7037,101.0,22.8752,96.1,41.0734,90.2,29.9862,89.9,30.3574,85.8
21.1289,99.7,22.258,96.6,21.6771,96.4,28.8153,91.9,30.6379,89.9,30.6581,90.8,21.5142,103.9,22.0778,100.0,23.2972,95.1,41.8033,89.7,30.4887,89.7,30.8529,85.6
21.4978,99.0,22.6726,95.6,22.0437,95.6,29.2976,91.7,31.1352,89.7,31.1781,89.7,21.9048,103.9,22.4541,98.9,23.7134,94.7,42.5446,88.8,31.0112,88.8,31.3498,84.7
21.8789,98.2,23.054,95.1,22.4189,94.5,29.7797,90.6,31.6529,88.6,31.7067,89.3,22.2786,103.6,22.8287,98.3,24.119,93.7,43.2721,88.2,31.5291,88.0,31.8605,84.7
22.2474,97.7,23.4649,94.2,22.7904,94.0,30.7583,89.5,32.1672,88.2,32.2505,88.7,22.6551,102.9,23.2329,97.6,24.5414,92.9,44.0042,87.8,32.5439,87.5,32.3717,84.0
22.6427,96.4,23.8673,94.1,23.1821,93.4,31.2747,88.6,32.6754,87.9,32.7854,87.9,23.0354,102.6,23.6276,96.6,24.9168,92.2,44.74,86.8,33.0358,87.1,32.8922,83.3
23.0209,95.4,24.2619,93.5,23.5745,93.0,31.786,88.5,33.1898,87.6,33.2999,87.3,23.4264,102.3,24.0046,96.2,25.2929,91.5,45.4769,86.2,33.5225,86.1,33.3996,82.6
23.3862,95.2,24.6711,92.1,23.9871,92.3,32.3001,87.3,33.6887,86.4,33.83,86.8,23.8027,101.7,24.3697,95.9,25.6651,90.7,46.2127,85.8,34.0426,85.7,33.9194,81.9
23.7471,93.7,25.0565,91.9,24.3778,91.8,32.7945,86.9,34.1618,85.7,34.3707,86.0,24.1789,101.3,24.7303,95.5,26.0772,90.5,46.9518,84.9,34.5537,85.5,34.4617,81.5
24.1045,93.2,25.4435,91.4,24.7754,90.8,33.2923,85.4,34.6444,85.6,34.9037,85.3,24.5413,100.5,25.0942,95.2,26.485,90.1,47.681,84.6,35.0714,84.7,35.0118,81.3
24.4721,92.0,25.8303,90.0,25.1509,90.0,34.8015,85.0,35.1248,84.7,35.4338,85.1,24.9271,100.0,25.4622,94.8,26.913,89.5,48.4113,84.3,35.5808,83.2,35.5404,80.1
24.8344,91.1,26.2177,89.4,25.5312,89.9,35.283,84.2,35.6426,84.5,35.9653,84.7,25.2959,99.5,25.8223,94.3,27.3553,88.9,49.1496,83.8,36.0974,82.8,36.0689,79.5
25.191,90.6,26.9828,89.0,25.9154,89.4,35.7497,83.7,36.16,83.8,36.4995,84.1,25.6621,99.1,26.1835,94.0,27.7791,88.2,49.885,83.2,36.6172,82.8,37.1186,79.2
25.5424,89.6,27.3676,88.6,26.286,89.2,36.2282,83.3,36.6752,83.0,37.0298,83.7,26.031,98.6,26.5572,93.5,28.1914,87.7,50.6135,82.8,37.1371,81.8,37.6176,78.3
25.8982,89.3,27.7724,88.1,26.6647,88.8,36.7343,83.1,37.1742,82.2,37.5628,83.3,26.4044,98.1,26.9415,92.6,28.6155,87.3,51.349,82.1,37.6434,81.1,38.6409,78.0
26.2507,88.8,28.1768,87.8,27.0596,88.3,37.237,82.5,37.6919,81.9,38.1146,82.6,26.7792,97.5,27.3037,92.5,29.0372,86.8,52.0843,81.7,38.1589,80.6,39.1531,77.4
26.6051,88.4,28.5833,87.3,27.4877,87.9,37.7146,82.1,38.1919,81.2,38.6205,82.0,27.1719,97.1,27.6737,91.9,29.4558,86.1,52.807,81.1,38.6704,80.2,39.6403,77.3
26.956,88.0,28.986,86.5,27.88,87.3,38.1942,81.7,38.6911,80.2,39.1526,81.9,27.5731,97.0,28.0408,91.7,29.8301,85.3,53.5414,80.3,39.1928,79.8,40.1351,77.0
27.3047,87.3,29.3734,85.8,28.2592,86.8,38.6598,81.3,39.6819,79.5,39.6747,81.1,27.942,96.5,28.4111,91.3,30.2398,84.6,54.2692,79.8,39.6922,78.9,40.6494,76.3
27.6565,86.9,29.7534,85.4,28.6422,86.5,39.1125,80.9,40.1794,78.9,40.1862,80.0,28.3097,96.3,28.7937,90.4,30.6208,84.0,55.7201,79.2,40.2049,78.6,41.1573,76.0
28.0342,86.2,30.1421,84.9,29.0302,86.0,39.5671,80.4,40.7005,78.4,41.2424,79.5,28.6711,95.9,29.1589,89.6,31.0076,83.2,56.4338,79.0,40.7198,77.5,41.673,75.4
28.4283,85.8,30.5277,84.4,29.4215,85.5,40.0289,79.9,41.2265,78.1,41.756,78.8,29.0321,95.7,29.5335,89.2,31.4345,82.8,57.1372,78.4,41.2306,77.4,42.1934,75.2
28.8018,85.5,30.9202,83.9,29.8125,84.7,40.5035,79.4,41.73,77.8,42.2687,78.0,29.4006,95.5,29.9336,88.6,31.8347,82.0,57.8695,77.8,41.7421,76.7,42.6942,74.7
29.1643,85.3,31.2974,83.1,30.2137,84.2,40.9734,79.0,42.2436,76.7,43.3329,77.1,29.7692,95.4,30.3237,88.1,32.2381,81.5,58.6054,77.4,42.2601,75.8,43.2113,74.5
29.5216,85.0,31.6921,83.1,30.5995,83.5,41.4527,78.3,42.7461,76.4,43.877,77.0,30.5004,94.9,30.6913,87.5,32.6421,81.3,59.3382,76.9,42.774,75.6,43.7353,73.8
29.8827,84.8,32.0788,82.9,30.9852,83.1,41.9338,77.9,43.246,76.1,44.4072,76.0,30.8864,94.8,31.0451,87.1,33.043,80.3,60.0605,76.3,43.2827,74.7,44.2816,73.3
30.2438,84.5,32.4622,81.6,31.3714,82.5,42.4268,77.3,43.7422,75.1,44.93,75.9,31.2895,94.6,31.4014,86.5,33.4477,79.8,60.7943,76.2,43.7818,74.6,44.8071,73.2
30.6049,84.2,33.2632,81.3,31.7524,82.0,42.9491,77.0,44.2376,74.8,45.4321,75.6,31.6764,94.2,31.7587,86.1,33.8342,79.5,61.5236,75.7,44.2671,74.1,45.3278,72.7
30.9656,83.9,33.649,80.4,32.1071,81.5,43.4761,76.8,44.7319,74.5,45.9541,75.5,32.0736,93.9,32.116,85.5,34.2317,78.7,62.2419,74.9,44.7623,73.2,45.8254,72.5
31.3247,83.4,34.4003,79.7,32.4612,80.9,43.9659,76.0,45.2307,73.9,46.4662,74.9,32.4466,93.5,32.4734,84.9,34.6265,78.5,63.709,74.4,45.2573,73.0,46.3406,72.0
31.6851,83.0,34.7624,78.7,32.8092,80.6,44.4584,75.4,45.7506,73.4,46.9858,74.7,32.8273,93.1,32.829,84.7,35.0237,78.3,64.4366,74.2,45.7671,72.4,46.9088,70.9
32.0677,82.5,35.1244,78.3,33.1873,80.0,44.9514,74.9,46.2834,72.5,47.5135,74.6,33.2018,93.0,33.1848,84.1,35.4286,77.9,65.1588,73.5,46.2618,72.4,47.9435,69.7
32.4576,82.0,35.4911,77.5,33.5589,79.1,45.4435,73.9,46.7976,72.0,48.0225,74.0,33.6001,92.8,33.5799,83.7,35.8221,77.2,65.8811,72.8,46.7591,71.8,49.0005,69.3
32.8149,81.5,35.8548,77.0,33.9506,78.5,46.4408,73.3,47.2967,71.8,48.5403,73.7,33.9971,92.4,33.9828,83.2,36.2101,77.0,66.6097,72.7,47.2623,71.2,49.5061,68.9
33.1717,81.2,36.2213,76.5,34.3277,78.3,46.9703,72.9,47.7999,71.6,49.0681,73.1,34.4046,92.3,34.375,82.6,36.5968,76.1,67.3398,72.3,47.7671,70.7,49.9923,68.0
33.5341,80.7,36.5937,76.0,34.7216,78.0,47.4898,72.5,48.2824,71.0,49.6157,72.7,34.7884,92.1,34.7726,82.1,36.9778,75.8,68.0692,71.4,48.2753,70.4,51.0076,67.2
33.915,79.7,37.0012,75.6,35.1058,77.4,48.0195,71.2,48.7608,70.4,50.1451,72.3,35.1524,91.4,35.1496,81.6,37.3676,75.1,68.79,70.8,48.7846,70.0,51.5343,66.9
34.2998,79.6,37.3915,74.9,35.4911,77.0,49.0096,70.8,49.2519,70.3,50.6522,71.9,35.524,91.3,35.5003,81.3,37.7499,74.7,69.517,70.7,49.2946,69.7,52.0358,66.6
34.6762,78.9,37.7943,74.8,35.8744,76.8,49.5076,70.1,49.7411,69.1,51.1608,71.4,35.911,90.8,35.8544,81.1,38.1373,74.4,70.2462,69.6,49.7691,69.2,52.5375,65.8
35.0525,78.3,38.1584,74.2,36.2578,76.5,50.0668,69.8,50.7653,68.9,51.6889,71.2,36.2786,90.5,36.2098,80.9,38.5332,73.8,70.9741,68.8,50.2877,68.6,53.0424,65.4
35.4261,77.6,38.5226,73.8,36.6301,76.1,50.5583,68.9,51.2817,68.5,52.2099,71.1,36.6574,89.9,36.6067,80.7,38.9127,73.5,71.7033,68.7,50.8129,67.5,54.0619,65.2
35.8014,77.2,38.9061,73.3,37.0129,75.7,51.5027,68.7,51.7716,68.0,52.7426,70.7,37.0239,89.3,36.971,80.4,39.2928,73.1,72.4367,68.1,51.3499,67.3,54.5573,64.7
36.177,77.0,39.281,73.1,37.4052,75.2,51.9808,67.9,52.275,67.7,53.257,69.7,37.3877,89.0,37.3431,80.2,39.6787,72.6,73.159,67.7,51.8554,67.0,55.0574,63.9
36.55,76.6,39.6572,72.8,37.7924,74.6,52.939,67.5,52.786,67.2,53.7831,69.7,37.7607,88.9,37.714,79.9,40.078,72.3,73.8667,66.9,52.3592,66.6,56.0596,63.7
37.2994,75.9,40.4169,72.2,38.1679,74.2,53.4404,66.7,53.2946,67.0,54.319,69.1,38.1479,88.3,38.083,79.6,40.4572,72.0,74.5827,66.5,52.852,65.9,56.5654,63.3
37.6736,75.8,40.7901,72.0,38.5436,74.0,53.9327,66.5,53.8085,66.5,54.8608,69.0,38.5294,88.0,38.4544,79.3,40.8622,71.5,75.3074,66.0,53.3561,65.6,57.6037,63.0
38.0496,74.8,41.1768,71.6,38.9633,73.6,54.4338,66.0,54.3248,65.7,55.385,68.8,38.898,87.7,38.8402,78.9,41.2741,71.2,76.0302,65.6,53.8632,65.4,58.1306,62.8
38.4221,74.8,41.5801,71.2,39.3647,73.4,54.9331,65.2,55.3655,65.4,55.9014,68.3,39.2627,87.5,39.2048,78.5,41.6874,70.9,77.4865,65.3,54.4072,64.6,58.6477,62.5
39.1697,74.8,41.9514,70.7,39.7239,73.1,55.4199,65.1,55.8714,65.3,56.4192,67.5,39.6274,87.3,39.5624,77.9,42.087,70.3,78.2153,65.1,54.9403,63.7,59.1754,62.1
39.537,74.4,42.3121,70.2,40.081,72.5,55.9162,64.5,56.3423,64.9,57.4404,66.8,40.0007,87.1,39.9201,77.5,42.4896,69.9,78.9306,64.7,55.9372,63.4,59.6897,61.7
39.8859,74.2,42.69,69.6,40.4417,72.2,56.4032,63.5,56.8315,64.8,57.9657,66.5,40.3769,86.7,40.3174,77.1,42.8942,69.6,79.6668,64.5,56.4244,62.6,60.2005,60.9
40.2306,74.1,43.0841,69.2,40.8173,72.0,56.8906,63.4,57.3205,64.3,58.4941,66.2,40.7398,86.5,40.7001,76.7,43.2747,69.3,80.3978,64.2,56.8935,62.1,60.7035,60.7
40.5837,73.9,43.4747,68.6,41.1889,71.4,57.3965,62.9,57.7974,63.8,59.0254,65.4,41.0858,86.0,41.0549,76.1,43.6565,68.8,81.124,63.9,57.875,61.6,61.2005,60.4
40.9347,73.5,43.8562,68.2,41.5476,70.4,57.8893,62.7,58.292,63.5,60.0642,65.1,41.4406,85.8,41.4104,75.9,44.0317,68.1,81.847,63.4,58.3848,61.2,61.7051,59.7
41.2854,73.1,44.2291,67.8,41.9301,70.3,58.383,62.4,58.7969,63.3,60.5685,64.6,41.7999,85.8,41.7782,75.6,44.4188,67.5,82.5762,63.3,58.8866,60.6,62.1929,59.6
41.6383,72.3,44.6134,67.5,42.3018,69.3,58.8793,61.8,59.3148,62.5,61.0871,63.7,42.1523,85.3,42.1628,75.0,44.848,67.1,83.3007,62.8,59.3914,60.4,62.7039,59.4
42.3663,71.1,44.9749,67.2,42.6855,68.8,59.3853,61.3,59.8101,62.4,62.1096,63.4,42.8759,84.8,42.5403,74.6,45.2368,66.9,84.7648,62.4,59.8933,60.0,63.2211,58.9
43.0984,71.0,45.3327,66.9,43.0709,68.4,59.8845,60.8,60.3287,62.0,62.6265,62.9,43.2561,84.8,42.8977,74.0,45.6158,66.3,85.4802,62.2,60.4029,59.7,63.7267,58.1
43.4447,70.2,45.6919,66.5,43.4535,68.1,60.3806,60.3,60.8464,61.5,63.1401,62.6,43.6396,84.5,43.6829,73.5,46.4001,65.6,86.1798,61.8,60.9276,59.3,64.7891,57.9
43.8024,69.9,46.0514,66.3,43.8379,67.5,60.8762,59.6,61.3576,61.1,63.6638,62.2,44.0083,84.4,44.0501,73.2,46.7839,65.5,86.887,61.3,61.4314,59.1,65.3062,57.5
44.165,69.3,46.4105,65.9,44.2169,67.5,61.8648,58.7,61.8678,60.1,64.6941,61.7,44.369,84.3,44.4213,72.9,47.1793,65.2,87.5945,61.1,61.9346,59.0,65.8126,57.0
44.5115,69.2,46.7924,65.7,44.5906,67.1,62.3547,58.7,62.3721,60.1,65.219,61.4,44.7352,84.1,45.1704,72.8,47.5745,65.0,88.3399,60.6,62.4401,58.4,66.3149,56.8
44.8539,69.1,47.1697,65.5,44.9636,66.9,62.8348,58.3,62.8756,59.8,65.7554,61.0,45.1022,84.0,45.554,72.5,47.9635,64.6,89.0489,60.1,62.9378,58.1,66.8134,56.5
45.1959,68.6,47.5498,65.1,45.3419,66.4,63.3225,58.2,63.4106,59.5,66.2943,60.9,45.4648,83.7,45.9474,72.3,48.3473,64.2,89.7621,59.9,63.4456,57.6,67.3257,56.1
45.5431,68.6,47.9388,64.9,45.7198,66.2,63.8041,58.1,63.898,58.6,66.8424,60.3,46.2078,83.4,46.3367,72.0,48.7332,63.7,90.4748,59.2,63.9484,57.2,67.8463,55.9
45.8938,68.4,48.3276,64.2,46.0906,65.8,64.2456,57.8,64.4,58.5,67.3863,59.9,46.5711,83.1,46.7153,71.6,49.1222,63.3,91.1933,59.1,64.4519,56.8,68.402,55.6
46.2438,68.4,48.7282,64.0,46.4652,65.4,64.7058,57.8,64.9038,58.2,67.9154,59.5,46.9231,82.9,47.1023,71.2,49.4995,63.1,91.9227,58.7,65.4688,55.9,68.9014,54.8
46.6074,68.0,49.0978,63.8,46.8494,64.8,65.1948,57.4,65.4046,57.9,68.4447,59.3,47.2773,82.4,47.5004,70.9,49.8817,62.8,92.6529,58.5,66.4631,55.7,69.4118,54.4
46.9618,67.9,49.4575,63.6,47.2371,64.5,65.6702,57.0,65.8999,57.4,68.978,58.8,47.6327,82.2,47.8888,70.3,50.2613,62.7,93.3895,58.3,66.9646,55.5,69.9369,54.3
47.3125,67.5,49.8478,63.2,47.6441,64.0,66.1455,57.0,66.4136,56.9,69.5104,58.4,47.9873,81.9,48.2649,69.9,50.6475,62.5,94.1139,58.0,67.4367,55.1,70.4752,53.8
47.6692,67.0,50.2405,62.8,48.3879,63.9,66.6151,56.5,67.455,56.6,70.0622,58.3,48.3894,81.7,48.625,69.2,51.0212,62.2,94.8313,57.5,67.9201,54.5,71.0045,53.5
48.0326,66.7,50.6371,62.6,48.7656,63.4,67.1033,55.9,67.9623,56.2,70.5803,57.6,48.7838,81.5,48.9815,68.9,51.4067,61.8,95.5592,57.1,68.4117,54.5,71.514,53.1
48.3978,66.6,51.005,62.3,49.1666,63.2,67.6119,55.7,68.4672,56.0,71.0921,57.5,49.1564,81.3,49.3389,68.4,51.8042,61.5,96.3049,56.8,68.9052,54.2,72.0358,52.9
48.7637,66.2,51.3985,61.8,49.5595,62.8,68.0834,55.5,68.9606,55.6,71.6036,57.2,49.865,80.9,49.6946,68.2,52.216,61.2,97.0493,56.4,69.405,54.0,72.5292,52.7
49.1316,65.9,51.7756,61.5,49.9234,62.6,68.5625,54.9,69.4569,55.6,72.1116,56.5,50.2083,80.9,50.0627,67.7,52.606,60.9,97.7776,56.2,69.8946,53.7,73.0314,52.5
49.4958,65.6,52.1306,61.1,50.2912,62.4,69.0592,54.8,69.9578,55.2,72.6273,56.5,50.5502,80.8,50.4636,66.9,52.9967,60.8,98.5053,55.9,70.3937,53.4,73.5538,52.4
49.8764,65.4,52.4894,60.7,50.6522,61.9,69.5539,54.6,70.4635,54.9,73.1472,56.0,50.914,80.5,50.8526,66.4,53.3913,60.5,99.2274,55.7,70.8923,53.3,74.0802,52.0
50.2316,65.3,52.8465,60.4,51.0143,61.7,70.026,54.2,70.9693,54.6,73.6782,55.8,51.2714,80.4,51.246,66.1,53.7808,60.2,99.9403,55.5,71.3923,52.8,74.6052,51.6
50.5998,65.2,53.1995,60.0,51.3778,61.6,70.5061,53.8,71.4723,54.0,74.1922,55.4,51.6264,80.2,51.6271,66.0,54.1519,60.0,100.668,55.0,71.9027,52.6,75.1102,51.5
50.9688,65.0,53.5667,59.7,51.7386,61.0,70.991,53.3,71.9591,53.9,74.7035,55.1,52.3256,80.0,51.9926,65.5,54.5448,59.8,101.403,54.8,72.422,52.3,75.6299,51.0
51.3193,64.9,53.9538,59.3,52.0998,60.7,71.4672,53.2,72.4706,53.3,75.2618,54.8,52.6758,79.9,52.3743,65.4,54.944,59.6,102.135,54.4,72.9331,52.0,76.1713,50.8
51.6849,64.6,54.3495,58.7,52.4636,60.3,71.9414,53.0,72.9896,53.1,75.8148,54.7,53.0281,79.8,52.7585,65.2,55.3263,59.5,102.864,54.1,73.4469,51.8,76.6925,50.1
52.0344,64.5,54.7163,58.5,52.8236,60.0,72.4219,52.6,73.5091,53.0,76.3261,54.3,53.4188,79.5,53.1422,65.1,55.7123,59.3,103.592,53.5,73.9525,51.5,77.2014,50.1
52.392,64.2,55.0869,58.1,53.1896,59.9,72.9095,52.3,74.0225,52.6,76.8346,53.4,53.7913,79.2,53.5335,65.0,56.0954,59.0,104.326,53.1,74.4503,51.0,77.7122,49.7
52.7514,64.0,55.4771,58.0,53.5626,59.6,73.403,52.0,74.5299,52.1,77.3685,53.1,54.1547,79.1,53.9075,64.8,56.4735,58.8,105.052,52.9,75.4278,50.5,78.2328,49.0
53.11,64.0,55.8652,58.0,53.9467,59.4,73.9006,51.5,75.0377,52.0,78.4279,53.1,54.5161,78.9,54.2649,64.6,56.8657,58.5,105.794,52.4,75.9087,50.3,78.7563,48.8
53.4699,63.9,56.2477,57.6,54.3321,59.1,74.3995,51.0,75.5446,51.6,78.9295,52.9,54.8783,78.8,54.6335,64.2,57.2505,58.2,106.523,52.3,76.3714,49.8,79.7596,47.8
53.8156,63.9,56.6018,57.6,54.703,58.8,74.8978,50.5,76.0211,51.5,79.4362,52.8,55.24,78.6,55.002,63.9,57.6419,57.8,107.252,52.0,76.8854,49.6,80.7634,47.7
54.1616,63.8,56.9753,57.3,55.0749,58.6,75.4172,50.3,76.5009,51.2,79.9294,52.4,55.9634,78.5,55.3701,63.7,58.0373,57.3,107.986,51.9,77.3682,49.1,81.2984,47.4
54.5167,63.7,57.3407,57.1,55.4629,58.5,75.9125,49.5,76.9781,51.1,80.4304,52.2,56.3247,78.1,55.7358,63.5,58.4452,57.0,108.707,51.6,77.857,48.9,81.7954,47.2
54.8808,63.6,57.7085,56.8,55.8509,58.3,76.4278,48.9,77.4463,50.7,80.93,52.1,56.6879,78.1,56.0916,63.3,58.8482,56.5,109.434,51.5,78.347,48.7,82.298,47.0
55.2429,63.0,58.073,56.6,56.221,58.1,76.9307,48.8,77.9224,50.3,81.4331,51.6,57.0513,78.0,56.4466,63.1,59.2495,56.1,110.165,51.1,78.8364,48.1,82.8092,46.8
55.6067,62.7,58.421,56.2,56.6148,57.6,77.4251,48.3,78.4111,50.1,81.9361,51.4,57.4088,77.8,56.8153,63.1,59.6464,55.8,111.618,50.5,79.3315,48.0,83.3101,46.2
55.972,62.5,58.7814,56.1,57.0078,57.4,77.9265,48.1,78.8964,50.0,82.4525,51.2,57.7607,77.8,57.1755,62.7,60.0419,55.7,113.069,50.1,79.8539,47.7,84.3395,46.0
56.3405,62.1,59.1503,55.7,57.3877,56.7,78.4205,47.9,79.3909,49.6,82.94,51.0,58.1094,77.5,57.5356,62.6,60.4338,55.5,113.8,50.0,80.3623,47.6,84.8488,45.8
56.7314,61.9,59.5235,55.4,57.7801,56.6,78.9662,47.5,79.8743,49.5,83.447,50.6,58.4771,77.4,57.9002,62.4,60.8053,55.4,114.505,49.8,80.865,47.1,85.3308,45.8
57.0928,61.6,59.9014,55.1,58.1476,56.3,79.4816,47.3,80.3569,49.2,83.9719,50.1,58.8627,76.8,58.2572,61.8,61.1825,54.9,115.227,49.7,81.3702,46.8,85.8123,45.4
57.456,61.4,60.2846,54.7,58.5146,56.1,79.9799,47.1,80.8486,48.9,84.4904,49.7,59.6068,76.0,58.6141,61.7,61.5593,54.6,115.957,49.1,81.8804,46.6,86.3083,45.3
57.8182,61.4,60.6982,54.3,58.891,55.7,80.481,46.5,81.8483,48.3,85.0183,49.6,60.6784,75.9,58.9711,61.2,61.9441,54.3,116.682,48.6,82.3873,46.4,86.8177,45.2
58.1726,61.0,61.0795,54.0,59.2958,55.4,81.4998,46.2,82.3927,48.3,85.5234,49.2,61.3913,75.2,59.689,61.1,62.3167,53.8,118.145,48.3,82.8922,46.1,87.3118,44.8
58.5257,60.8,61.4359,53.7,59.6651,54.9,82.0136,46.1,82.8858,48.0,86.0144,49.0,61.752,74.5,60.0456,61.0,62.6817,53.7,118.875,48.2,83.3984,46.0,87.8067,44.7
58.8792,60.6,61.8065,53.3,60.0842,54.6,83.0056,45.9,83.3898,47.9,86.5116,48.7,62.4617,74.4,60.4027,60.7,63.0507,53.3,119.586,47.7,83.913,45.5,88.3114,44.7
59.2371,60.2,62.1734,52.9,60.4708,54.4,83.5176,45.7,83.8919,47.6,87.5487,48.4,62.8179,74.3,60.7578,60.6,63.4171,53.1,120.303,47.6,84.932,45.2,88.8205,44.5
59.9502,60.0,62.544,52.5,60.842,54.1,84.0033,45.7,84.386,47.3,88.065,47.7,63.1762,74.0,61.1106,60.2,63.7802,53.0,121.023,47.5,85.4426,44.7,89.3167,44.4
60.3065,59.7,62.9102,51.8,61.2184,53.9,84.5014,45.5,84.9087,47.2,88.5625,47.5,63.5288,73.9,61.4659,60.0,64.1652,52.9,121.758,47.0,85.9426,44.7,89.8354,44.1
60.6533,59.4,63.2736,51.3,61.6142,53.8,85.0042,45.3,85.42,46.9,89.0932,47.2,63.8866,73.8,61.8348,59.6,64.5754,52.7,123.222,46.9,86.4464,44.4,90.3632,44.1
61.0316,59.4,63.638,51.0,62.0203,53.5,85.5045,45.1,85.937,46.5,89.6256,46.9,64.2454,73.6,62.1895,59.2,64.9751,52.6,123.949,46.3,86.9398,44.2,90.8779,43.9
61.3971,59.3,64.007,50.9,62.4334,53.3,86.0075,44.7,86.4635,46.2,90.1512,46.8,64.5956,73.5,62.5441,58.8,65.3622,52.5,124.673,46.1,87.9381,44.0,91.3723,43.6
61.7589,59.2,64.3702,50.8,62.8314,53.3,86.5096,44.3,86.9569,46.1,90.6817,46.6,65.3303,73.4,62.9235,58.7,65.7512,52.3,125.404,45.9,88.4509,43.6,92.3499,43.2
62.1126,58.2,64.7428,50.7,63.1976,52.8,87.0132,44.0,87.9041,45.9,91.1926,46.3,66.4266,73.1,63.3084,58.6,66.1335,52.1,126.12,45.6,88.9403,43.2,92.859,43.0
62.4664,58.2,65.1311,50.5,63.582,52.6,87.5044,43.8,88.3731,45.6,91.7026,46.1,67.517,73.1,63.6815,58.4,66.5211,52.0,126.85,45.2,89.4399,43.1,93.358,43.0
62.8272,58.1,65.5014,50.1,63.9622,52.3,88.0123,43.2,89.2958,45.5,92.2151,45.8,68.2445,72.9,64.0519,58.1,66.9024,51.7,129.011,44.7,89.921,42.8,93.8539,42.8
63.1857,57.8,65.8709,50.0,64.3544,52.0,88.5171,43.2,89.779,45.2,92.728,45.6,68.6047,72.8,64.4232,58.0,67.2781,51.5,130.425,44.3,90.3978,42.7,94.3534,42.4
63.5414,57.7,66.2561,49.8,64.7328,51.7,89.0243,42.9,90.7232,44.9,93.2487,45.0,69.3262,72.7,64.7933,57.8,67.673,51.3,131.149,44.1,90.87,42.4,94.8659,42.2
63.8986,57.4,66.6236,49.6,65.1143,51.4,89.5325,42.3,91.224,44.7,94.2998,44.7,69.6885,72.6,65.1634,57.7,68.0673,50.8,131.858,44.1,91.347,42.2,95.371,42.0
64.2637,57.2,66.9975,49.5,65.4899,50.8,90.033,41.9,91.6962,44.5,94.821,44.3,70.0486,72.1,65.5311,57.6,68.8464,50.8,132.572,43.7,91.8442,41.7,95.8744,41.7
64.6337,56.7,67.3673,48.9,65.8796,50.7,90.5245,41.8,92.1839,44.3,95.8397,44.1,70.4129,72.0,65.8985,57.4,69.2185,50.3,133.294,43.4,92.8562,41.4,96.3562,41.4
64.9979,56.3,68.0915,48.2,66.2592,50.6,91.0284,41.3,92.6744,43.9,96.3415,43.7,70.7916,71.7,66.272,57.1,69.6037,50.3,134.008,43.2,93.8431,41.1,96.8359,41.2
65.3561,55.9,68.4449,48.1,66.6464,50.3,92.0421,41.1,93.1909,43.6,96.84,43.5,71.1674,71.7,66.6443,56.9,70.0098,50.1,134.736,42.8,94.3326,40.9,97.3326,41.1
65.7122,55.7,68.8011,48.0,67.0286,50.1,92.5521,41.0,93.7135,43.5,97.3515,43.2,71.5167,71.5,67.0188,56.6,70.4098,50.1,135.465,42.6,94.8159,40.9,97.8471,40.5
66.0726,55.5,69.1633,47.7,67.4233,49.7,93.0525,40.7,94.2294,43.3,97.8716,43.0,71.8699,71.2,67.394,56.1,70.7992,49.9,136.188,42.3,95.3216,40.6,98.3562,40.4
66.4263,55.3,69.5151,47.5,67.797,49.4,93.5568,40.6,94.725,43.3,98.3691,42.7,72.6378,71.0,67.7677,55.6,71.2103,49.9,136.893,42.1,95.8249,40.1,98.8794,40.1
66.7798,55.2,69.8712,47.1,68.2357,49.0,94.0579,40.4,95.2218,42.0,98.8617,42.6,73.0155,70.6,68.1401,55.2,71.599,49.7,137.606,41.4,96.8031,39.7,99.4136,39.5
67.1337,55.0,70.5746,46.5,68.6017,48.8,94.5602,40.1,95.7006,41.7,99.3878,42.3,73.3835,70.3,68.4901,55.1,71.9853,49.5,139.053,41.2,97.2925,39.7,99.9308,39.4
67.493,54.6,70.9285,46.4,68.9743,48.7,95.0608,39.8,96.2074,41.6,99.8918,41.6,73.7602,69.9,68.863,55.0,72.3849,49.2,139.777,40.9,97.7575,39.3,100.444,39.4
67.8493,54.5,71.2809,46.2,69.3453,48.2,95.5392,39.8,96.7048,41.3,100.429,41.4,74.1239,69.5,69.2394,54.9,72.7764,48.9,140.489,40.8,98.2338,39.0,100.996,39.0
68.2092,54.4,71.6407,46.1,69.7177,47.9,96.0241,39.5,97.6421,41.1,101.506,41.3,74.8607,69.5,69.6089,54.7,73.1547,48.6,141.217,40.3,98.7045,38.9,101.535,38.9
68.5638,53.8,71.9939,45.9,70.1118,47.6,96.5234,39.1,98.0946,40.9,102.036,41.1,75.2355,69.3,69.9902,54.4,73.5654,48.3,141.939,40.0,99.1734,38.8,102.086,38.5
69.2792,53.7,72.3536,45.3,70.4969,47.4,97.0178,39.0,99.0624,40.4,102.546,40.9,75.9679,69.2,70.382,54.2,74.0332,48.0,142.665,39.7,99.6427,38.6,102.615,38.3
69.6388,53.5,72.7099,45.2,70.8886,47.1,97.5091,38.7,99.5405,40.0,103.073,40.7,76.6686,69.2,70.7573,54.1,74.5175,47.7,143.395,39.5,100.571,38.5,103.137,38.2
70.6973,53.5,73.0645,44.7,71.2815,46.7,98.0008,38.5,99.9967,39.8,103.601,40.5,77.3684,69.1,71.1266,53.6,74.9859,47.5,144.853,39.3,101.031,38.5,103.642,37.7
71.0313,53.2,73.4215,44.6,71.6663,46.4,98.489,38.3,100.454,39.5,104.629,40.4,78.4278,68.2,71.4984,53.6,75.4197,47.1,145.568,39.0,101.523,38.3,104.148,37.4
71.3804,52.9,73.7953,44.5,72.0617,46.1,98.9841,37.8,101.408,39.3,105.117,40.2,78.8115,68.2,72.2195,53.2,75.9273,46.7,146.279,38.9,102.039,38.0,104.683,37.1
71.7359,52.8,74.1742,44.3,72.5008,45.7,99.4771,37.6,101.891,38.9,106.102,39.9,79.5303,67.9,72.9568,52.9,76.4321,46.5,146.993,38.4,103.07,37.8,105.208,36.9
72.1086,52.5,74.5382,44.2,72.9213,45.4,99.9694,37.3,102.355,38.8,106.615,39.6,80.2218,67.7,73.3102,52.6,76.9273,46.3,147.723,38.2,103.569,37.6,105.739,36.8
72.4662,52.1,74.9006,43.7,73.2978,45.2,100.46,37.2,102.827,38.6,107.121,39.5,80.5733,67.6,73.6652,52.5,77.4566,45.9,149.179,38.1,104.059,37.5,106.234,36.7
72.8256,51.7,75.256,43.5,73.6818,45.0,100.941,36.8,103.311,38.5,107.621,39.3,81.2898,67.3,74.0188,52.2,77.9738,45.7,149.882,38.0,104.544,37.4,106.722,36.5
73.1831,51.3,75.6157,43.4,74.0706,44.7,101.453,36.6,103.849,38.3,108.131,39.0,81.6734,67.3,74.3735,51.9,78.4729,45.4,150.576,37.6,105.054,37.2,107.208,36.2
73.8906,50.8,76.3354,43.2,74.4785,44.3,101.982,36.2,104.843,38.0,108.633,38.8,82.0559,67.0,74.7394,51.8,78.9844,45.3,152.016,37.5,105.553,36.8,108.184,35.8
74.2399,50.8,76.6896,43.0,75.2476,44.0,102.485,36.1,105.363,37.8,109.13,38.6,82.7594,66.7,75.1064,51.6,79.5258,45.2,152.745,37.2,106.046,36.6,108.657,35.6
74.5832,50.3,77.0459,42.7,75.6415,43.8,102.972,35.3,105.87,37.4,109.648,38.3,83.4717,66.7,75.8345,51.4,79.9594,44.8,153.437,37.0,106.543,36.4,109.136,35.4
74.9287,50.3,77.41,42.4,76.0162,43.7,103.991,35.1,106.341,37.3,110.167,38.1,83.8264,66.3,76.2013,51.2,80.3871,44.7,154.151,36.8,107.042,36.3,109.626,35.3
75.2768,50.2,77.7792,42.2,76.4226,43.5,104.513,34.9,106.805,37.0,110.684,37.8,84.2091,66.3,76.567,51.2,80.7962,44.4,154.887,36.7,107.536,36.2,110.098,35.1
75.6292,49.9,78.1406,41.8,76.8473,43.1,104.999,34.6,107.308,36.8,111.186,37.3,84.5684,66.0,76.9353,51.0,81.1969,44.1,155.621,36.3,108.027,35.9,110.574,34.9
76.3377,49.7,78.498,41.7,77.2379,42.9,105.496,34.4,107.829,36.5,112.268,37.2,84.9274,65.7,77.3015,50.7,82.0223,44.0,156.341,36.2,108.502,35.7,111.049,34.8
76.7179,49.7,78.8615,41.1,77.6153,42.9,105.996,34.2,108.332,36.0,112.805,37.1,85.2843,65.6,77.6663,50.5,82.4452,43.9,157.065,35.9,108.987,35.3,111.532,34.7
77.0896,49.2,79.2421,40.9,77.9968,42.4,106.501,34.2,108.838,35.7,113.303,37.0,85.6399,65.5,78.0404,50.5,82.8707,43.7,157.773,35.5,109.978,35.1,112.006,34.6
77.4392,49.2,79.6215,40.7,78.742,42.2,106.997,33.9,109.351,35.1,113.809,36.7,85.9974,65.2,78.4156,50.3,83.2845,43.5,159.213,34.9,110.47,35.0,112.514,34.5
77.792,49.0,79.9897,40.7,79.13,41.7,107.492,33.8,110.378,34.9,114.811,36.5,86.3525,65.0,78.7904,50.2,83.676,43.3,160.738,34.7,110.958,34.9,112.993,34.2
78.1385,48.9,80.3528,40.6,79.5277,41.5,107.973,33.6,110.891,34.6,115.328,36.1,86.713,64.7,79.1656,50.0,84.0747,42.9,161.477,34.5,111.45,34.8,113.965,34.1
78.8276,48.8,80.7123,40.5,79.924,41.3,108.465,33.3,111.858,34.5,116.344,36.0,87.0723,64.6,79.5402,49.9,84.4896,42.6,162.204,34.3,111.939,34.5,114.441,33.8
79.1887,48.7,81.0749,40.3,80.3287,41.1,108.962,33.1,112.348,34.4,116.842,35.7,87.4303,64.2,79.9151,49.6,84.9026,42.4,162.936,33.9,112.43,34.3,114.904,33.6
79.5325,48.6,82.2068,40.2,81.0781,40.9,109.947,32.9,112.837,34.1,117.336,35.7,87.7887,63.9,80.2892,49.4,85.2988,42.2,164.419,33.8,112.919,34.2,115.382,33.5
79.8791,48.4,82.5947,40.0,81.4466,40.7,110.434,32.6,113.323,33.9,117.855,35.3,88.4997,63.9,80.6619,49.0,85.7006,41.9,165.159,33.3,113.418,33.9,115.856,33.3
80.2382,48.3,82.9888,39.8,81.8214,40.4,110.901,32.5,113.824,33.8,118.337,35.2,88.8524,63.8,81.0215,48.8,86.4603,41.8,166.598,33.3,113.917,33.8,116.344,32.9
80.5997,48.0,83.3889,39.7,82.219,40.3,111.844,32.3,114.813,33.5,118.846,34.9,89.2354,63.7,81.3793,48.4,86.8917,41.7,167.305,33.2,114.427,33.4,116.838,32.9
80.9515,48.0,83.7693,39.5,82.6011,39.9,112.354,32.0,115.787,33.3,119.341,34.8,89.6111,63.4,81.7376,48.2,87.3113,41.5,168,32.8,114.919,33.2,117.336,32.3
81.3005,47.5,84.1578,39.4,82.9796,39.6,113.32,32.0,116.277,33.1,119.842,34.6,89.9828,63.4,82.4475,47.8,88.1231,41.1,169.427,32.6,115.401,33.1,118.33,32.3
81.6527,47.3,84.5448,39.1,83.3585,39.3,113.821,31.8,116.747,32.8,120.357,34.4,90.3684,63.2,82.8045,47.6,88.5939,41.0,170.134,32.4,115.892,32.7,118.841,31.9
81.9935,47.1,84.9363,38.9,83.7362,39.1,114.776,31.6,117.231,32.6,120.863,34.3,90.7284,63.2,83.1615,47.3,88.9867,40.9,170.829,32.0,116.886,32.6,119.337,31.7
82.3249,46.9,85.3303,38.6,84.1125,38.9,115.272,31.3,117.716,32.3,121.347,34.0,91.8471,63.0,83.5186,47.3,89.3788,40.7,171.542,31.9,117.412,32.3,119.839,31.6
82.9933,46.8,86.5038,38.2,84.4926,38.6,115.74,31.2,118.208,32.2,121.84,34.0,92.896,62.9,83.876,47.1,90.1739,40.7,172.246,31.8,117.875,32.0,120.342,31.4
83.3311,46.7,86.875,38.0,84.8653,38.3,116.744,30.9,118.705,31.8,122.343,33.9,93.9999,62.8,84.2368,47.0,90.5764,40.6,172.967,31.6,118.355,31.9,120.838,31.2
83.6888,46.5,87.2505,37.7,85.239,38.2,117.233,30.6,119.201,31.6,122.852,33.7,94.731,62.7,84.5961,46.7,91.038,40.5,173.691,31.2,118.865,31.9,121.341,30.9
84.0415,46.4,87.6235,37.4,85.6142,37.6,118.21,30.4,119.713,31.2,123.87,33.6,95.0786,62.6,84.957,46.5,91.6356,40.3,174.425,31.0,119.343,31.6,121.856,30.8
84.399,46.3,88.0014,37.2,85.9831,37.5,118.712,30.2,120.233,31.1,124.382,33.5,95.438,62.4,85.318,46.5,92.4637,40.3,175.171,31.0,119.816,31.6,122.367,30.3
85.1128,45.8,88.3841,37.2,86.3354,37.4,119.639,30.1,120.73,30.6,124.906,33.4,95.8002,62.4,85.6932,46.4,92.8701,40.1,175.909,30.8,120.287,31.5,122.873,30.1
85.8467,45.6,88.7591,37.1,86.6854,37.0,120.108,30.0,121.229,30.2,125.428,33.3,96.1611,62.2,86.0671,46.3,93.279,40.0,176.638,30.6,120.754,31.3,123.928,29.7
86.2129,45.5,89.1325,36.7,87.0349,36.8,120.585,29.9,122.227,29.8,125.937,33.1,96.5266,62.0,86.4427,46.3,93.7009,39.9,177.365,30.5,121.252,31.1,124.433,29.6
86.5594,45.3,89.4982,36.7,87.3933,36.6,121.064,29.6,122.716,29.7,126.97,32.9,96.8817,61.7,86.8145,46.2,94.1283,39.6,178.102,30.3,121.722,30.9,124.925,29.6
86.9058,45.2,89.8716,36.5,87.769,36.3,121.543,29.5,123.204,29.3,127.494,32.7,97.2293,61.7,87.9287,45.9,94.5309,39.5,178.836,29.6,122.189,30.8,125.424,29.5
87.2466,44.8,90.2454,36.4,88.1425,36.3,122.025,29.2,124.185,29.0,128.012,32.5,97.948,61.6,88.6758,45.8,94.9254,39.3,181.021,29.2,123.169,30.7,125.907,29.1
87.5948,44.6,90.6137,36.1,88.5164,36.0,122.491,29.1,125.123,28.8,128.538,32.4,98.6693,61.5,89.0449,45.6,96.1509,39.1,182.448,29.1,123.644,30.6,126.451,28.9
87.9495,44.5,90.9772,36.0,88.8805,35.8,122.955,28.8,125.598,28.6,129.054,32.1,99.3965,61.4,89.3935,45.5,96.5858,39.1,183.142,28.9,124.125,30.4,126.953,28.9
88.3102,44.3,91.3291,35.8,90.0264,35.7,123.408,28.6,126.067,28.5,129.589,31.8,99.7655,61.3,89.7531,45.4,96.9909,39.0,184.552,28.6,124.62,30.1,127.479,28.8
88.6688,44.1,91.6828,35.7,90.3962,35.5,123.878,28.3,126.535,28.3,130.109,31.2,100.133,61.2,90.1103,45.3,97.4098,38.9,185.25,28.5,125.108,30.0,127.997,28.7
89.032,43.8,92.0401,35.3,90.7673,35.5,124.364,28.0,127.466,28.2,131.145,31.1,100.858,61.0,90.4698,45.2,97.7961,38.6,185.936,28.4,125.596,29.7,128.502,28.5
89.3917,43.6,92.7665,34.7,91.5122,35.2,124.85,27.9,128.449,28.2,131.67,30.9,101.58,60.4,90.8484,45.1,98.6149,38.5,186.641,28.3,126.072,29.5,129.008,28.4
89.758,43.2,93.1292,34.2,92.2816,34.8,125.347,27.8,128.908,28.2,132.168,30.8,102.633,60.1,91.2137,44.9,99.3978,38.5,187.349,28.0,126.55,29.4,129.519,28.3
90.1206,43.0,93.4839,34.2,93.0288,34.5,125.843,27.5,129.352,28.1,132.64,30.5,103.335,60.0,91.5695,44.6,100.21,38.3,188.048,27.8,127.025,29.0,130.001,28.0
90.4797,42.7,93.8406,34.1,93.3914,34.4,126.323,27.4,129.804,28.0,133.655,30.4,104.038,59.6,91.9219,44.5,100.607,38.3,188.758,27.7,127.496,29.0,130.487,28.0
90.8381,42.3,94.5734,34.1,93.7623,34.0,126.813,27.2,130.268,27.6,134.172,30.2,104.401,59.5,92.6396,44.3,101,38.2,189.472,27.3,127.983,28.8,130.973,27.7
91.2008,42.0,94.9411,34.0,94.1359,33.8,127.28,27.2,131.246,27.4,134.674,30.1,104.78,59.5,93.0109,44.2,101.397,38.1,190.185,27.1,128.95,28.5,131.449,27.5
91.5562,41.9,95.6807,33.8,94.5131,33.5,127.745,26.7,131.756,27.2,135.211,29.9,105.136,59.4,93.7513,44.1,101.797,38.0,190.903,26.7,129.913,28.3,131.926,27.3
91.9157,41.7,96.0452,33.6,94.8848,33.4,128.678,26.4,132.256,26.9,135.805,29.7,105.483,59.3,94.1211,43.8,102.175,37.9,192.345,26.5,131.393,28.2,132.88,27.2
92.2717,41.4,96.4345,33.5,95.2591,33.2,129.148,26.3,133.224,26.7,136.415,29.3,105.831,59.2,94.4956,43.7,102.586,37.8,194.485,26.4,131.854,28.1,133.366,27.1
92.6224,41.3,96.8136,33.3,95.6275,33.2,130.116,26.0,133.717,26.6,137.072,29.1,106.179,59.1,94.8691,43.7,102.968,37.6,195.189,26.3,132.319,28.0,134.323,26.9
93.3262,40.9,97.1968,33.0,95.9964,32.9,130.57,26.0,134.201,26.5,138.32,28.8,106.526,59.0,95.24,43.6,103.347,37.6,196.581,26.3,132.798,27.7,134.8,26.5
93.6885,40.7,97.56,32.9,96.3499,32.8,131.028,25.6,134.688,26.2,138.921,28.7,107.222,58.8,95.6162,43.4,103.737,37.5,197.277,26.0,133.283,27.5,135.303,26.4
94.0334,40.4,97.9279,32.7,96.7083,32.5,131.484,25.5,135.166,26.1,140.109,28.5,108.311,58.7,95.9899,43.1,104.133,37.4,197.972,25.8,134.272,26.8,135.837,26.3
94.7206,40.2,98.3001,32.1,97.1046,32.5,131.945,25.4,136.143,25.9,141.125,28.4,110.101,58.5,96.3645,42.8,104.527,37.3,199.389,25.5,135.234,26.3,136.351,26.0
95.4211,40.2,99.405,31.8,97.5078,32.1,132.42,25.3,136.634,25.7,141.646,28.2,110.806,58.1,96.7384,42.8,104.931,37.2,200.832,25.4,135.705,26.2,136.863,25.9
95.7704,40.1,99.77,31.6,97.9233,31.8,132.906,25.1,137.583,25.6,142.684,27.9,111.156,58.0,97.4936,42.7,105.357,37.2,202.25,25.1,136.159,25.8,137.367,25.5
96.1193,39.4,100.142,31.4,98.326,31.5,133.384,25.0,138.056,25.5,143.215,27.9,111.509,57.9,97.8669,42.4,105.769,37.1,202.95,25.0,136.609,25.6,137.838,25.4
97.8858,39.4,100.883,31.0,99.0869,31.5,133.861,24.9,139.476,25.2,143.767,27.7,112.246,57.6,98.2518,42.3,106.945,37.1,204.357,24.9,137.519,25.6,138.822,25.3
98.5919,39.3,102.003,30.8,99.4569,31.2,134.344,24.7,140.437,25.1,144.309,27.4,112.975,57.4,98.6271,42.2,107.701,36.9,205.066,24.7,137.99,25.5,139.316,25.2
98.9466,39.1,102.362,30.7,100.222,31.1,134.824,24.5,140.913,24.9,144.845,27.3,114.689,57.2,99.0254,42.1,108.47,36.9,206.448,24.7,138.926,25.4,139.827,25.0
99.2995,39.0,102.719,30.6,100.615,30.8,135.303,24.3,141.382,24.8,145.385,27.3,115.028,56.8,99.4153,42.0,108.884,36.8,207.165,24.3,139.407,25.2,140.792,24.8
99.6657,38.9,103.072,30.4,101.015,30.8,135.802,24.1,141.869,24.6,145.907,27.0,115.369,56.7,99.7763,41.9,109.292,36.7,208.564,24.0,139.881,25.1,141.261,24.7
100.415,38.6,103.424,30.3,101.465,30.5,136.284,23.9,142.346,24.5,146.992,26.8,115.711,56.7,100.134,41.8,109.685,36.6,209.261,23.9,140.339,25.1,141.761,24.5
100.77,38.2,103.773,30.0,102.29,30.4,136.758,23.8,142.837,24.5,147.525,26.7,116.05,56.6,100.492,41.8,110.083,36.2,210.658,23.8,140.805,24.7,142.684,24.4
101.48,38.0,104.123,29.8,102.655,30.3,137.24,23.6,143.283,24.3,148.046,26.6,116.408,56.5,101.209,41.7,110.514,36.0,212.044,23.6,141.729,24.3,143.162,24.1
101.841,37.7,104.477,29.7,103.017,30.3,137.729,23.4,143.766,24.2,148.571,26.3,116.781,56.4,102.295,41.7,110.91,36.0,214.106,23.6,142.629,24.3,144.085,24.0
102.208,37.2,104.829,29.6,103.389,30.2,138.216,23.1,144.232,24.1,149.091,26.0,117.851,56.3,102.66,41.6,111.31,35.7,214.791,23.5,143.098,24.1,144.553,23.9
102.59,37.0,105.179,29.2,103.765,30.1,138.701,23.0,144.72,24.0,149.62,25.9,118.196,56.1,103.034,41.5,111.72,35.6,216.177,23.4,144.079,24.1,145.024,23.9
102.974,36.9,105.528,29.0,104.14,29.9,139.185,22.8,145.228,23.9,150.145,25.5,118.543,56.0,103.427,41.5,112.144,35.5,229.216,23.4,147.256,24.0,145.49,23.8
103.347,36.8,105.903,29.0,104.504,29.8,140.111,22.6,145.713,23.6,150.687,25.2,119.622,55.9,103.819,41.3,112.55,35.4,248.302,23.2,148.653,23.9,145.963,23.6
103.69,36.5,106.28,28.7,104.879,29.6,141.041,22.5,146.699,23.4,151.738,24.9,120.004,55.9,104.217,41.3,113.349,35.3,249.663,23.0,149.612,23.8,147.444,23.4
105.747,36.5,106.66,28.5,105.249,29.4,141.481,22.4,147.19,23.2,152.763,24.7,120.72,55.9,104.586,41.1,113.74,35.3,250.357,22.8,151.061,23.7,147.919,23.3
106.804,36.0,107.029,28.4,105.624,29.3,141.927,22.4,147.687,23.0,153.256,24.6,121.072,55.8,104.967,40.9,114.132,35.3,251.049,22.8,152.429,23.6,148.385,23.1
107.492,35.6,107.384,28.4,106.006,29.2,142.395,22.3,148.197,22.8,154.297,24.3,122.872,55.7,105.338,40.7,114.528,34.9,253.796,22.7,152.897,23.4,149.337,23.0
107.838,35.6,107.739,28.3,106.395,29.0,142.866,22.0,148.721,22.7,154.826,24.2,123.585,55.4,105.716,40.4,114.913,34.8,255.157,22.6,153.848,23.3,149.834,22.8
108.184,35.4,108.096,28.2,106.779,28.8,143.798,21.5,149.205,22.6,155.337,24.2,123.945,55.3,106.097,40.0,115.3,34.7,255.85,22.6,157.478,23.2,151.259,22.8
108.534,35.4,108.472,28.1,107.171,28.8,145.205,21.4,149.683,22.5,155.857,24.0,124.662,55.2,106.468,39.9,115.702,34.5,262.686,22.5,159.818,23.2,152.206,22.6
109.223,35.3,108.854,28.0,107.529,28.6,146.583,21.2,150.144,22.2,156.374,24.0,125.374,54.6,106.825,39.6,116.102,34.4,264.73,22.4,160.773,23.0,153.63,22.4
109.91,35.2,109.233,27.9,107.885,28.5,147.495,21.1,150.62,22.1,156.852,23.8,126.067,54.4,107.53,39.5,116.534,34.2,266.773,22.4,161.714,23.0,154.071,22.4
110.608,34.9,109.976,27.8,108.244,28.3,147.963,20.9,151.098,21.9,157.347,23.7,126.457,54.2,107.885,39.1,116.94,34.2,276.329,22.1,162.181,22.7,154.539,22.3
111.307,34.8,110.332,27.5,108.604,27.9,148.867,20.9,151.562,21.8,158.365,23.5,127.178,54.1,108.993,38.8,117.77,34.1,293.436,22.1,163.107,22.7,155.035,22.1
111.655,34.2,111.035,27.3,108.967,27.8,149.333,20.8,152.477,21.7,158.88,23.2,127.546,54.0,109.348,38.8,118.168,34.0,301.66,22.0,163.588,22.6,155.509,22.1
112.345,34.2,111.411,27.2,109.328,27.5,149.799,20.7,153.879,21.6,159.883,23.0,129.73,53.8,109.706,38.6,118.955,34.0,302.337,22.0,164.545,22.4,155.977,22.0
112.69,34.0,111.78,26.9,109.717,27.5,150.246,20.6,155.773,21.4,160.408,22.9,130.458,53.5,110.067,38.6,119.342,34.0,303.705,21.6,165.008,22.4,156.448,22.0
113.408,33.9,112.149,26.5,110.803,27.2,150.736,20.4,157.617,21.3,160.922,22.8,130.823,53.4,110.417,38.5,120.959,33.6,309.18,21.5,167.694,22.3,156.914,21.9
113.768,33.8,112.874,26.4,111.541,27.2,151.662,20.3,158.516,21.2,161.442,22.6,131.545,53.2,110.768,38.5,121.779,33.5,310.541,21.5,168.127,22.2,157.383,21.8
114.455,33.6,113.258,26.3,111.911,27.1,152.604,20.2,159.491,21.1,162.454,22.4,131.909,53.1,111.12,38.4,122.182,33.3,312.602,21.3,168.564,21.8,158.776,21.6
115.487,33.3,113.617,26.0,112.269,27.1,153.536,20.1,160.014,20.9,162.939,22.2,132.271,53.0,111.469,38.4,122.969,33.1,313.292,21.3,169.005,21.7,160.184,21.5
115.834,33.0,113.977,25.9,112.629,26.8,154.922,20.1,161.451,20.8,163.453,22.2,132.627,52.7,111.834,38.3,123.385,33.1,321.507,20.9,169.919,21.4,160.662,21.2
116.182,32.9,114.332,25.8,113.357,26.6,156.314,20.0,161.927,20.8,163.974,22.0,132.992,52.5,112.555,38.3,123.799,32.7,327.647,20.8,170.359,21.3,162.128,21.0
116.541,32.6,114.715,25.8,113.734,26.5,156.772,19.9,162.396,20.5,164.487,21.9,135.516,52.4,112.912,38.2,124.194,32.7,335.833,20.8,170.805,21.3,162.609,20.9
116.893,32.3,115.444,25.6,114.117,26.4,157.249,19.8,164.341,20.4,164.983,21.7,135.876,52.4,113.292,38.1,124.579,32.5,337.9,20.7,172.601,21.2,163.565,20.8
117.943,32.2,115.792,25.5,114.495,26.3,158.184,19.6,164.801,20.4,166.017,21.6,136.237,52.3,113.685,38.1,124.972,32.5,344.051,20.7,173.963,21.1,164.056,20.7
118.285,32.1,116.142,25.5,114.862,26.2,158.634,19.6,165.718,20.1,166.534,21.4,136.598,52.2,114.078,37.7,125.801,32.3,346.108,20.6,174.905,21.0,164.528,20.5
118.654,31.9,116.51,25.4,115.221,26.0,159.078,19.4,166.652,20.0,167.523,21.4,136.963,52.2,114.824,37.6,126.198,32.2,348.155,20.6,175.353,20.9,165.005,20.5
119.003,31.8,116.902,25.2,115.579,25.8,159.541,19.3,167.609,19.9,168.03,21.1,137.337,52.1,115.187,37.5,126.582,32.1,353.617,20.6,176.721,20.9,165.487,20.4
119.351,31.7,117.278,25.0,115.945,25.8,159.999,19.2,168.543,19.5,168.54,21.1,137.703,52.0,115.921,37.5,126.977,31.9,360,20.6,178.963,20.8,165.978,20.3
119.701,31.7,117.639,25.0,116.31,25.7,160.454,18.9,169.483,19.4,169.033,20.9,138.057,51.9,116.287,37.4,127.366,31.8,,,179.398,20.8,166.439,20.2
120.384,31.6,117.995,24.7,116.676,25.5,161.406,18.8,169.962,19.3,169.539,20.9,138.405,51.8,117.019,37.4,127.756,31.7,,,180.746,20.6,166.917,20.1
120.762,31.4,118.347,24.3,117.04,25.5,162.804,18.5,170.917,19.2,170.526,20.8,138.756,51.7,117.366,37.0,128.173,31.7,,,182.042,20.5,167.907,20.0
121.461,31.3,118.709,24.3,117.426,25.2,163.732,18.5,171.396,18.9,171.49,20.7,139.104,51.7,118.838,36.8,128.605,31.6,,,182.477,20.4,169.27,19.9
121.809,31.1,119.474,24.1,117.817,25.1,165.135,18.4,172.316,18.8,171.971,20.7,141.264,51.4,119.574,36.6,129.008,31.6,,,183.34,20.4,170.68,19.8
122.523,31.0,120.179,24.0,118.206,25.0,166.539,18.2,173.256,18.7,172.965,20.4,141.602,51.3,119.951,36.4,129.395,31.6,,,183.774,20.3,172.098,19.8
123.237,30.8,120.548,24.0,118.567,24.7,177.977,18.1,173.725,18.5,173.471,20.3,141.944,51.2,120.699,36.2,129.816,31.5,,,184.208,20.3,172.59,19.7
123.624,30.5,121.25,23.8,118.919,24.7,179.35,18.1,175.583,18.4,173.963,20.2,142.284,51.2,121.078,36.1,130.611,31.3,,,185.087,20.0,173.089,19.7
124.327,30.3,121.954,23.6,119.282,24.6,181.722,18.1,176.041,18.4,174.473,19.9,143.324,50.8,121.452,35.9,131.009,31.2,,,185.988,20.0,174.048,19.6
126.826,30.1,122.327,23.4,120.034,24.6,184.009,18.0,176.5,18.3,175.474,19.8,144.437,50.8,121.842,35.6,131.398,31.1,,,186.907,19.9,174.993,19.5
127.911,29.9,122.69,23.3,121.143,24.5,185.414,18.0,176.975,18.2,175.971,19.7,144.805,50.8,122.223,35.6,131.774,31.1,,,188.281,19.8,175.466,19.5
128.254,29.7,123.057,23.1,121.546,24.4,185.895,17.9,177.459,18.1,176.446,19.5,146.938,50.7,122.583,35.4,132.552,31.0,,,189.182,19.7,176.853,19.4
128.941,29.5,123.422,22.9,121.944,24.2,187.761,17.7,177.936,18.0,176.936,19.4,148.049,50.4,122.971,35.3,133.748,31.0,,,189.658,19.6,178.235,19.4
130.703,29.4,123.789,22.8,123.058,24.1,189.128,17.6,178.434,17.7,177.464,19.3,148.762,50.4,123.326,35.3,134.135,30.5,,,190.114,19.6,179.192,19.1
131.782,29.2,124.158,22.7,123.417,24.0,190.598,17.6,178.938,17.5,177.97,19.1,149.827,50.1,123.68,35.1,134.519,30.5,,,190.574,19.5,182.031,19.1
132.854,28.9,124.522,22.6,124.501,23.6,191.986,17.5,179.448,17.4,178.475,18.9,150.917,49.9,124.057,34.8,135.372,30.3,,,191.037,19.4,182.477,19.0
136.598,28.9,124.891,22.3,124.871,23.6,194.7,17.5,180.425,17.0,179.486,18.7,151.63,49.8,124.811,34.6,136.17,30.1,,,191.962,18.9,183.4,18.9
138.649,28.8,125.257,22.2,125.596,23.2,196.065,17.4,181.818,16.8,180.003,18.6,154.136,49.3,125.18,34.3,136.549,30.1,,,194.65,18.9,183.888,18.8
139.353,28.5,125.622,22.0,126.314,23.1,196.979,17.3,183.182,16.8,180.507,18.4,155.581,49.2,125.547,34.2,136.927,30.1,,,198.595,18.8,185.797,18.5
140.42,28.3,125.992,21.9,126.672,22.8,197.432,17.3,186.486,16.8,181.548,18.3,156.676,49.0,125.915,34.1,137.303,30.0,,,199.926,18.7,188.55,17.9
141.142,28.2,126.352,21.8,127.025,22.4,197.884,17.1,187.424,16.4,182.061,18.1,157.045,48.9,126.282,34.1,139.251,29.9,,,200.897,18.6,190.418,17.7
142.56,28.0,127.41,21.8,128.125,22.4,198.786,17.0,188.834,16.0,183.099,18.1,157.394,48.8,126.648,34.0,140.037,29.9,,,203.655,18.5,191.317,17.7
143.646,27.6,127.763,21.7,128.495,22.2,199.254,16.9,189.308,15.9,184.1,18.0,158.084,48.7,127.371,34.0,140.879,28.9,,,210.593,18.5,193.172,17.6
144.679,27.2,128.472,21.6,129.23,22.1,199.763,16.8,190.27,15.9,185.081,17.9,158.796,48.6,127.726,33.9,141.291,28.9,,,212.364,18.4,195.512,17.5
145.027,27.2,128.857,21.5,129.601,22.1,200.242,16.6,190.753,15.7,186.092,17.8,161.331,48.6,128.825,33.8,141.713,28.7,,,218.658,18.4,197.379,17.4
146.788,27.1,129.22,21.5,130.344,21.8,200.726,16.4,191.238,15.5,186.601,17.6,162.385,48.5,129.571,33.7,142.11,28.6,,,222.752,18.3,198.821,17.2
147.475,27.1,129.931,21.3,130.701,21.5,201.231,16.3,192.201,15.5,188.15,17.4,162.747,48.4,129.937,33.7,143.716,28.4,,,224.094,18.3,199.308,17.2
147.826,26.9,130.68,21.2,131.449,21.5,201.715,16.2,193.14,15.4,188.667,17.4,163.471,48.4,130.302,33.6,144.878,28.4,,,224.534,18.3,199.807,17.0
148.178,26.9,131.045,21.1,131.807,21.3,202.693,16.2,193.608,15.4,189.723,17.2,163.836,48.2,130.668,33.5,146.455,28.4,,,225.406,18.2,200.313,16.8
148.537,26.5,131.758,21.1,132.171,21.3,204.111,16.1,194.541,15.3,190.247,16.9,164.195,48.1,131.036,33.5,146.876,28.2,,,225.849,18.0,200.821,16.8
148.893,26.3,132.459,21.0,132.528,21.1,205.958,16.1,195.043,15.2,191.305,16.5,164.912,48.0,131.402,33.5,147.26,28.2,,,230.287,18.0,201.32,16.7
149.249,26.2,133.157,20.8,133.243,21.0,210.035,16.1,195.529,15.1,192.829,16.4,165.272,48.0,131.767,33.3,147.657,28.1,,,231.191,17.9,201.807,16.6
149.959,26.1,133.862,20.7,133.604,20.8,210.477,15.9,196.526,15.1,193.344,16.1,165.991,47.9,132.135,33.2,148.049,28.0,,,232.098,17.8,202.792,16.4
150.295,25.9,134.212,20.4,133.969,20.5,210.921,15.5,197.52,15.0,193.844,16.1,168.154,47.9,136.212,33.0,148.447,27.7,,,233.455,17.8,204.329,16.2
153.801,25.6,134.566,20.4,134.336,20.5,211.899,15.5,198.479,14.8,194.834,16.0,169.263,47.8,137.29,33.0,149.596,27.6,,,237.918,17.7,205.293,16.1
155.906,25.3,134.923,20.3,134.705,20.3,212.365,15.3,199.442,14.8,195.327,15.9,169.985,47.4,138.391,32.9,149.978,27.5,,,239.319,17.6,206.279,16.0
157.291,24.9,135.284,20.3,135.081,20.2,213.303,15.1,201.315,14.7,196.339,15.7,170.338,47.3,139.141,32.5,150.766,27.4,,,240.649,17.5,206.782,15.9
158.353,24.9,135.639,20.2,135.468,20.1,213.8,15.1,211.043,14.6,196.839,15.6,171.057,46.9,139.507,32.4,151.575,27.2,,,244.233,17.4,209.471,15.9
159.787,24.8,136.357,19.9,135.836,19.9,214.254,14.8,211.943,14.3,197.937,15.5,172.119,46.9,139.871,32.3,151.985,27.1,,,246.819,17.4,210.482,15.5
160.518,24.7,137.446,19.8,136.197,19.8,215.663,14.5,212.403,14.3,198.452,15.3,173.931,46.5,141.715,32.1,152.398,26.7,,,250.938,17.2,213.643,15.3
161.239,24.5,137.836,19.8,136.58,19.7,217.071,14.4,213.341,14.2,199.455,15.2,174.655,46.4,142.445,32.0,152.813,26.5,,,255.017,17.1,216.239,15.3
162.292,24.1,138.555,19.8,136.95,19.6,223.009,14.4,213.817,13.8,199.973,15.2,175.012,46.2,143.181,32.0,153.185,26.4,,,256.324,16.8,217.915,15.2
163.392,23.7,139.976,19.4,137.347,19.5,223.904,14.1,214.78,13.7,200.48,14.9,176.132,45.9,143.915,31.8,153.979,26.3,,,257.212,16.5,218.493,15.0
164.464,23.4,141.421,19.3,137.722,19.4,224.816,13.9,215.743,13.6,202.485,14.6,180.756,45.9,144.28,31.7,154.367,26.2,,,260.956,16.5,221.227,14.7
165.177,23.2,142.136,19.1,138.081,19.4,225.739,13.9,217.121,13.5,203.475,14.4,181.469,45.8,144.669,31.6,154.756,26.1,,,261.905,16.3,224.807,14.6
165.533,23.2,142.923,18.9,138.439,19.3,226.201,13.4,218.064,13.5,203.994,14.2,181.813,45.7,145.058,31.5,155.15,26.0,,,263.288,16.2,229.475,14.6
165.885,23.0,143.316,18.9,139.161,19.1,227.596,13.0,218.541,13.4,204.507,14.1,183.21,45.4,145.772,31.3,155.54,26.0,,,264.698,16.0,230.892,14.2
166.947,23.0,144.047,18.8,139.541,19.0,228.959,12.7,220.883,13.3,205.019,13.9,184.286,45.3,146.493,31.2,157.081,25.8,,,269.646,15.9,232.303,13.9
167.298,22.7,145.464,18.8,140.72,18.9,229.431,12.6,221.369,13.2,205.513,13.7,186.768,45.1,146.848,31.2,158.255,25.8,,,272.87,15.9,233.741,13.8
168.356,22.6,146.542,18.6,141.093,18.7,229.906,12.5,227.843,13.1,205.993,13.6,187.889,44.9,147.208,31.1,159.44,25.8,,,274.223,15.8,236.935,13.7
169.063,22.6,147.649,18.5,141.81,18.7,230.377,12.3,230.238,13.1,206.502,13.4,189.681,44.7,147.564,31.0,159.827,25.7,,,274.669,15.8,237.852,13.6
169.444,22.5,148.361,18.4,142.919,18.6,230.848,12.1,234.79,13.0,206.997,13.3,190.758,44.6,148.303,31.0,160.217,25.6,,,275.119,15.6,242.672,13.5
171.956,22.5,148.718,18.4,143.638,18.6,231.319,12.0,235.699,13.0,207.503,13.2,191.102,44.4,148.668,30.9,160.598,25.5,,,275.578,15.5,244.089,13.5
172.996,22.2,149.077,18.3,143.997,18.5,232.284,11.9,236.657,12.9,207.979,13.1,191.442,44.2,149.378,30.8,161.724,25.2,,,276.032,15.5,244.537,13.4
173.693,22.2,149.438,18.1,145.081,18.0,233.241,11.8,237.136,12.9,208.466,13.0,191.795,44.1,150.793,30.7,162.948,25.1,,,278.364,15.2,245.454,13.3
174.05,21.9,150.168,18.0,146.157,17.6,241.05,11.4,239.021,12.7,208.967,12.9,192.156,43.9,152.287,30.5,163.741,25.0,,,279.739,15.1,245.92,13.2
174.416,21.8,150.546,17.9,147.232,17.4,245.214,11.3,240.44,12.2,209.998,12.8,193.584,43.9,152.993,30.5,164.138,24.9,,,287.022,15.0,246.826,13.1
175.132,21.5,150.913,17.8,147.603,17.2,247.056,11.2,241.854,11.9,210.529,12.6,194.662,43.8,153.705,30.4,164.522,24.8,,,288.836,14.9,248.677,13.1
175.493,21.5,152.055,17.7,147.992,17.1,249.374,11.2,245.593,11.8,211.032,12.5,196.793,43.8,154.059,30.4,164.921,24.8,,,298.339,14.9,250.089,13.0
175.852,21.3,152.819,17.7,148.388,17.0,276.757,11.2,251.153,11.8,211.542,12.4,197.922,43.7,154.412,30.3,165.284,24.7,,,302.29,14.8,250.568,12.9
176.204,21.3,153.554,17.5,149.487,16.9,278.147,10.9,252.558,11.7,212.073,12.3,198.285,43.6,155.111,30.3,165.665,24.7,,,303.608,14.8,251.557,12.9
176.547,21.2,154.644,17.4,150.207,16.8,310.31,10.8,253.038,11.6,212.594,12.0,199.004,43.4,155.836,30.2,166.044,24.7,,,304.475,14.4,252.572,12.8
176.896,21.1,155.696,17.4,150.566,16.7,312.625,10.8,253.491,11.6,213.638,11.9,199.708,43.1,156.201,30.2,166.789,24.6,,,305.342,14.4,253.067,12.7
177.277,20.8,156.062,17.4,150.928,16.6,318.045,10.7,254.874,11.5,214.158,11.8,200.067,42.9,156.561,30.0,167.166,24.5,,,305.797,14.4,254.018,12.6
177.642,20.7,156.802,17.3,151.287,16.5,319.433,10.4,255.823,11.4,215.176,11.7,200.787,42.9,156.916,29.8,167.566,24.5,,,312.555,14.3,254.491,12.5
178.368,20.5,157.175,17.0,151.648,16.3,325.029,10.2,256.333,11.4,215.679,11.6,201.51,42.8,157.268,29.7,167.97,24.5,,,313.983,14.3,254.983,12.3
178.716,20.3,158.267,16.8,152.005,16.2,326.416,10.2,256.843,11.2,216.183,11.6,201.87,42.8,157.63,29.4,168.36,24.4,,,326.728,14.0,255.45,12.2
179.416,20.1,159.365,16.7,152.366,16.1,345.371,10.1,260.15,11.2,217.222,11.3,202.232,42.8,162.285,29.1,168.742,24.3,,,332.221,14.0,258.731,12.0
179.77,20.0,160.089,16.7,153.123,16.1,347.235,10.1,261.519,11.0,220.237,10.8,202.947,42.6,163.364,28.9,169.122,24.3,,,332.671,14.0,264.76,11.9
180.132,20.0,160.452,16.6,153.492,16.0,348.673,10.0,263.846,10.7,221.721,10.6,203.303,42.6,165.161,28.8,169.495,24.2,,,333.127,13.6,265.678,11.9
180.896,19.9,160.815,16.6,153.847,15.9,349.179,9.8,265.256,10.6,224.143,10.5,204.027,42.5,167.728,28.4,169.886,24.1,,,337.669,13.6,266.146,11.8
181.258,19.8,161.184,16.5,154.206,15.9,350.133,9.7,266.176,10.4,225.608,10.5,204.387,42.5,168.856,28.4,170.273,24.1,,,342.18,13.4,267.073,11.8
182.322,19.7,161.575,16.4,155.254,15.8,350.596,9.6,267.612,10.3,226.082,10.4,204.752,42.4,170.273,28.3,175.262,23.9,,,343.988,13.3,267.536,11.8
185.237,19.6,162.331,16.3,155.602,15.7,351.05,9.5,269.494,10.3,227.08,10.4,205.834,42.3,175.375,28.2,176.817,23.9,,,351.6,13.3,270.38,11.7
198.628,19.6,162.685,16.3,156.657,15.5,360,9.5,271.814,10.1,228.077,10.3,206.188,42.1,176.448,28.0,177.962,23.8,,,352.043,13.2,272.256,11.7
199.681,19.4,163.047,16.1,157.763,15.4,,,278.689,10.1,228.551,10.2,206.898,41.9,176.809,27.9,178.337,23.7,,,352.939,13.1,273.712,11.6
202.473,19.2,163.773,16.0,158.523,14.9,,,280.071,9.8,229.037,10.2,207.26,41.9,179.379,27.9,178.723,23.7,,,356.463,13.1,276.052,11.5
203.876,19.0,164.826,16.0,160.099,14.8,,,281.499,9.8,230.086,10.1,209.068,41.8,179.749,27.6,179.114,23.6,,,358.315,13.1,286.298,11.5
204.599,18.9,166.257,15.9,161.269,14.7,,,282.48,9.7,232.432,10.0,209.822,41.7,180.485,27.5,179.905,23.4,,,359.205,12.8,286.753,11.4
204.957,18.7,167.357,15.6,161.99,14.6,,,283.908,9.6,234.346,10.0,210.17,41.7,181.222,27.3,180.285,23.4,,,360,12.8,288.115,11.3
206.019,18.5,168.408,15.5,162.73,14.6,,,286.173,9.5,234.819,9.9,210.551,41.7,182.699,27.3,181.056,23.4,,,,,289.056,11.2
207.375,18.4,169.514,15.2,163.111,14.5,,,287.557,9.4,235.297,9.9,213.05,41.5,183.065,27.1,182.253,23.1,,,,,290.007,11.2
208.415,18.3,171.742,14.9,163.874,14.4,,,288.067,9.3,236.299,9.8,214.135,41.4,183.797,27.0,183.407,23.1,,,,,291.849,11.1
209.494,17.9,172.843,14.8,164.606,14.4,,,289.541,9.2,236.817,9.7,215.172,41.3,186.784,26.7,184.554,23.0,,,,,296.433,11.0
210.558,17.4,173.207,14.5,164.964,14.4,,,290.936,9.0,237.807,9.7,216.254,41.3,188.993,26.3,184.934,22.8,,,,,300.555,11.0
211.276,17.4,174.68,14.4,165.327,14.3,,,292.846,8.9,239.365,9.5,216.98,41.0,190.093,26.2,185.726,22.8,,,,,302.397,11.0
211.983,17.4,175.839,14.0,166.069,14.2,,,296.656,8.8,240.869,9.4,218.08,40.8,191.2,26.2,187.017,22.7,,,,,308.745,10.8
216.94,17.3,177.725,13.9,166.44,14.2,,,297.62,8.7,241.861,9.0,221.261,40.7,192.281,26.1,187.805,22.6,,,,,317.522,10.7
217.991,17.2,178.466,13.8,166.812,14.1,,,298.559,8.6,242.875,9.0,225.118,40.6,192.653,26.1,189.387,22.2,,,,,321.401,10.6
218.67,17.2,178.824,13.6,167.561,14.0,,,299.546,8.6,243.388,8.9,225.465,40.5,194.141,25.9,190.169,21.8,,,,,321.871,10.5
219.416,16.8,179.18,13.6,168.303,13.9,,,303.778,8.4,245.4,8.9,226.171,40.4,198.122,25.5,191.747,21.7,,,,,322.833,10.3
220.158,16.8,179.56,13.4,169.422,13.8,,,313.593,8.2,245.882,8.5,226.88,40.2,198.818,25.5,193.793,21.7,,,,,323.306,10.1
220.903,16.8,179.936,13.2,170.172,13.7,,,316.46,8.2,246.892,8.5,228.311,40.2,200.237,25.4,196.488,21.7,,,,,326.14,9.6
221.261,16.6,180.304,13.0,170.909,13.6,,,316.951,8.0,248.906,8.4,236.15,39.8,200.609,25.3,196.867,21.5,,,,,328.976,9.6
222.383,16.6,180.687,12.8,171.647,13.5,,,317.899,8.0,252.835,8.4,237.949,39.7,201.351,25.2,199.576,21.3,,,,,329.934,9.5
227.419,16.5,181.053,12.5,172.029,13.3,,,334.692,7.9,254.744,8.4,239.03,39.7,201.722,25.2,200.746,21.3,,,,,330.442,9.0
229.537,16.3,182.163,12.5,172.42,13.3,,,337.44,7.7,258.294,8.3,239.392,39.3,202.445,24.9,201.122,21.1,,,,,347.648,8.9
230.623,16.1,182.88,12.3,172.811,13.2,,,338.816,7.6,260.821,8.1,240.124,39.2,202.802,24.9,201.512,21.0,,,,,351.313,8.8
230.987,16.1,186.247,12.0,173.586,13.1,,,339.731,7.4,262.27,8.0,241.948,39.2,203.545,24.8,202.745,20.9,,,,,352.691,8.8
231.706,15.8,187.346,11.7,174.298,13.1,,,342.549,7.3,264.711,7.9,243.391,39.1,203.922,24.5,203.903,20.9,,,,,360,8.8
232.728,15.4,188.08,11.4,174.662,12.9,,,343.48,7.3,267.127,7.6,243.743,39.1,204.302,24.3,208.879,20.4,,,,,,
233.775,15.4,188.451,11.2,175.024,12.8,,,343.951,7.2,268.61,7.3,245.501,39.0,205.416,24.3,211.904,20.3,,,,,,
234.461,15.2,188.822,11.0,175.386,12.7,,,346.27,7.2,274.013,7.2,250.096,38.7,206.138,24.3,213.024,20.1,,,,,,
239.676,15.0,189.556,10.7,176.47,12.4,,,347.673,6.8,274.504,7.0,254.1,38.4,206.49,23.9,214.909,20.0,,,,,,
241.065,14.9,190.291,10.7,177.236,12.3,,,348.585,6.8,278.858,6.9,260.256,38.3,207.21,23.8,221.076,19.8,,,,,,
241.772,14.7,191.003,10.6,177.961,12.3,,,350.044,6.7,281.315,6.9,260.618,38.2,207.933,23.7,224.963,19.7,,,,,,
242.825,14.6,193.846,10.5,178.316,12.1,,,350.526,6.7,284.266,6.8,261.343,38.1,208.295,23.7,225.757,18.9,,,,,,
246.734,14.4,194.898,10.2,179.432,11.9,,,352.014,6.5,287.161,6.7,261.704,38.0,209.044,23.6,228.119,18.9,,,,,,
247.484,14.2,195.947,10.0,180.965,11.8,,,353.012,6.5,288.084,6.6,262.061,38.0,210.834,23.5,231.207,18.8,,,,,,
248.183,14.1,197.008,9.8,181.791,11.8,,,353.513,6.4,291.044,6.5,262.423,37.9,211.196,23.2,231.987,18.7,,,,,,
248.522,13.9,198.094,9.7,182.54,11.4,,,354.006,6.1,292.701,6.5,263.508,37.9,211.954,23.1,232.367,18.7,,,,,,
249.206,13.8,199.568,9.7,183.281,11.4,,,355.028,6.0,298.452,6.0,263.881,37.5,212.311,23.0,233.131,18.6,,,,,,
249.897,13.4,202.127,9.6,183.645,11.3,,,357.009,6.0,305.558,6.0,264.621,37.4,213.392,23.0,234.302,18.6,,,,,,
250.25,13.4,214.299,9.3,183.997,11.0,,,357.509,5.6,307.703,5.9,275.041,37.4,216.656,23.0,235.835,18.5,,,,,,
256.619,13.3,216.797,9.2,184.695,10.9,,,359.886,5.6,308.695,5.6,276.126,37.4,218.494,22.9,236.202,18.5,,,,,,
257.642,13.2,221.823,9.2,185.388,10.9,,,360,5.6,310.249,5.5,277.218,37.3,219.587,22.9,236.962,18.5,,,,,,
258.004,13.0,222.605,8.8,186.113,10.8,,,,,311.73,5.2,290.252,37.0,223.613,22.8,237.346,18.4,,,,,,
258.716,12.9,223.686,8.6,186.481,10.8,,,,,313.262,5.2,293.877,36.9,224.738,22.6,237.745,18.3,,,,,,
260.917,12.9,224.709,8.1,187.224,10.7,,,,,319.007,4.9,300.316,36.9,227.265,22.5,238.151,18.3,,,,,,
261.63,12.8,225.402,7.7,187.587,10.5,,,,,324.223,4.7,302.171,36.8,228.404,22.4,238.533,18.2,,,,,,
261.992,12.7,225.747,7.7,187.949,10.4,,,,,327.211,4.6,315.984,36.8,230.927,22.2,238.93,18.1,,,,,,
262.674,12.6,226.482,7.6,188.316,10.3,,,,,334.734,4.6,317.454,36.6,233.813,22.0,244.435,18.0,,,,,,
263.358,12.5,233.056,7.2,189.039,10.1,,,,,336.789,4.5,319.526,36.4,234.534,21.9,247.28,17.6,,,,,,
269.349,12.4,234.145,7.2,189.409,10.1,,,,,343.701,4.5,321.602,36.3,237.116,21.5,248.523,17.4,,,,,,
272.525,12.0,235.229,7.1,189.764,10.0,,,,,356.192,4.4,324.722,35.9,238.943,21.5,250.455,17.4,,,,,,
283.079,12.0,235.923,7.0,190.116,10.0,,,,,356.706,4.3,328.955,35.9,242.505,21.5,252.761,17.2,,,,,,
283.433,11.8,237.735,6.9,191.563,9.9,,,,,357.744,4.2,332.133,35.5,247.368,21.4,253.891,17.0,,,,,,
283.81,11.6,238.835,6.8,192.282,9.8,,,,,358.257,4.1,332.841,35.5,258.432,21.1,255.073,16.9,,,,,,
284.887,11.4,239.958,6.6,192.656,9.7,,,,,360,4.1,335.345,35.5,259.571,20.9,256.282,16.9,,,,,,
285.237,11.3,241.017,6.4,193.022,9.7,,,,,,,336.884,35.4,265.133,20.8,257.498,16.8,,,,,,
292.381,10.9,242.119,6.3,193.388,9.7,,,,,,,337.242,35.2,265.487,20.8,263.196,16.8,,,,,,
295.963,10.8,243.939,6.2,193.758,9.5,,,,,,,338.995,35.2,268.788,20.5,266.283,16.8,,,,,,
297.023,10.8,244.301,5.8,194.492,9.4,,,,,,,340.051,35.1,269.156,20.3,267.877,16.6,,,,,,
301.606,10.7,245.03,5.8,194.86,9.3,,,,,,,341.852,34.9,269.893,20.0,274.876,16.5,,,,,,
301.957,10.4,246.853,5.7,195.607,9.1,,,,,,,342.937,34.8,270.26,19.9,278.925,16.4,,,,,,
303.049,10.1,247.579,5.6,195.98,9.0,,,,,,,345.464,34.7,271.734,19.8,298.417,16.3,,,,,,
303.722,10.1,248.678,5.6,196.346,8.9,,,,,,,347.62,34.6,273.57,19.8,298.793,16.3,,,,,,
306.537,10.0,253.011,5.5,198.925,8.8,,,,,,,352.993,34.4,274.65,19.8,299.58,16.2,,,,,,
307.938,9.8,260.385,5.5,205.417,8.8,,,,,,,354.078,34.4,278.276,19.5,300.364,16.1,,,,,,
309.027,9.7,261.48,5.4,206.527,8.8,,,,,,,354.787,34.3,281.552,19.3,302.639,16.0,,,,,,
309.71,9.6,289.667,5.3,216.109,8.5,,,,,,,358.66,33.9,286.571,18.9,324.638,15.9,,,,,,
317.777,9.3,292.206,4.9,219.696,8.5,,,,,,,360,33.9,291.386,18.8,330.509,15.8,,,,,,
318.454,9.3,302.872,4.7,220.916,8.4,,,,,,,,,292.441,18.8,333.263,15.8,,,,,,
319.141,9.2,304.657,4.7,221.267,8.4,,,,,,,,,292.798,18.7,335.579,15.7,,,,,,
335.32,9.2,311.446,4.6,223.05,8.0,,,,,,,,,293.514,18.6,339.605,15.7,,,,,,
352.633,8.9,313.939,4.5,224.938,7.8,,,,,,,,,298.336,18.6,345.563,15.4,,,,,,
355.088,8.9,321.977,4.4,226.773,7.5,,,,,,,,,300.618,18.4,353.079,15.3,,,,,,
356.125,8.7,327.024,4.3,229.472,7.5,,,,,,,,,302.443,18.4,353.857,15.3,,,,,,
356.828,8.5,329.191,4.1,232.504,7.1,,,,,,,,,304.613,18.3,360,15.3,,,,,,
360,8.5,339.225,4.1,233.64,7.0,,,,,,,,,305.337,18.3,,,,,,,,
,,354.429,3.9,234.033,6.9,,,,,,,,,305.713,18.2,,,,,,,,
,,359.545,3.9,235.607,6.8,,,,,,,,,306.797,18.2,,,,,,,,
,,360,3.9,237.116,6.3,,,,,,,,,309.767,18.1,,,,,,,,
,,,,238.274,6.2,,,,,,,,,315.304,18.1,,,,,,,,
,,,,244.711,6.1,,,,,,,,,318.63,18.0,,,,,,,,
,,,,251.725,6.1,,,,,,,,,322.26,18.0,,,,,,,,
,,,,261.631,6.0,,,,,,,,,323.355,17.8,,,,,,,,
,,,,262.749,6.0,,,,,,,,,323.721,17.8,,,,,,,,
,,,,263.855,5.9,,,,,,,,,327.028,17.6,,,,,,,,
,,,,264.955,5.8,,,,,,,,,328.132,17.6,,,,,,,,
,,,,267.32,5.7,,,,,,,,,329.632,17.4,,,,,,,,
,,,,271.615,5.6,,,,,,,,,330.742,17.3,,,,,,,,
,,,,273.082,5.6,,,,,,,,,336.896,17.3,,,,,,,,
,,,,275.06,5.5,,,,,,,,,343.404,17.1,,,,,,,,
,,,,276.928,5.5,,,,,,,,,344.169,16.9,,,,,,,,
,,,,279.583,5.4,,,,,,,,,354.752,16.8,,,,,,,,
,,,,287.613,4.9,,,,,,,,,355.117,16.6,,,,,,,,
,,,,288.776,4.9,,,,,,,,,355.85,16.5,,,,,,,,
,,,,290.281,4.9,,,,,,,,,360,16.5,,,,,,,,
,,,,293.63,4.8,,,,,,,,,,,,,,,,,,
,,,,299.125,4.7,,,,,,,,,,,,,,,,,,
,,,,299.899,4.7,,,,,,,,,,,,,,,,,,
,,,,301.358,4.6,,,,,,,,,,,,,,,,,,
,,,,309.517,4.4,,,,,,,,,,,,,,,,,,
,,,,309.88,4.4,,,,,,,,,,,,,,,,,,
,,,,321.637,4.3,,,,,,,,,,,,,,,,,,
,,,,324.217,4.3,,,,,,,,,,,,,,,,,,
,,,,328.987,4.2,,,,,,,,,,,,,,,,,,
,,,,329.354,4.0,,,,,,,,,,,,,,,,,,
,,,,337.68,3.9,,,,,,,,,,,,,,,,,,
,,,,360,3.9,,,,,,,,,,,,,,,,,,
