0.0101178,195.2,0.101157,191.5,0.548912,188.4,0.0132655,194.8,0.126146,192.3,0.679428,189.7,0.0097072,196.7,0.103348,192.1,0.527389,190.2,0.0120718,196.6,0.129187,191.9,0.640905,187.7
0.016901,189.9,0.172018,188.1,0.934543,183.7,0.0234071,185.5,0.223919,184.7,1.19789,185.4,0.0166759,192.7,0.177147,186.9,0.916445,185.9,0.0213422,190.4,0.230655,185.3,1.13332,183.4
0.0238383,189.4,0.241001,182.7,1.30828,180.3,0.0334422,180.4,0.317475,181.7,1.7181,181.8,0.0236039,190.7,0.250263,184.5,1.29095,181.9,0.0304638,187.0,0.332081,178.1,1.63372,181.4
0.0305512,184.1,0.310862,179.4,1.68122,178.7,0.0432559,178.3,0.413287,178.9,2.21839,176.7,0.030542,186.5,0.324371,179.1,1.67577,177.4,0.0397473,185.3,0.429438,177.0,2.14275,174.1
0.0374405,181.3,0.380188,177.4,2.07726,173.3,0.0524256,176.1,0.510062,173.9,2.78317,172.0,0.0373735,183.1,0.401176,177.8,2.04145,175.9,0.048726,179.8,0.531301,172.5,2.64491,172.3
0.0440119,178.8,0.446645,171.6,2.44471,171.8,0.0622163,175.5,0.603552,170.9,3.29716,169.9,0.0442185,176.9,0.476912,173.2,2.41206,170.8,0.0588296,178.4,0.636547,168.8,3.15402,169.6
0.0505106,176.2,0.580978,169.5,2.81007,167.9,0.0714552,173.9,0.69838,166.0,3.83205,166.3,0.0508675,172.2,0.545834,170.4,2.78862,169.5,0.0680038,177.4,0.738771,164.9,3.64048,164.7
0.0571392,172.7,0.649139,166.9,3.195,167.7,0.0805316,172.5,0.795375,164.2,4.32979,164.4,0.0574431,171.3,0.61564,164.2,3.16148,167.8,0.0768557,175.2,0.83733,163.9,4.12834,162.7
0.0636194,171.2,0.717105,164.8,3.58329,163.2,0.0902935,170.3,0.892042,160.8,4.8282,160.9,0.0637819,170.5,0.770857,161.4,3.53756,166.3,0.0857374,172.5,0.937978,160.4,4.61131,160.1
0.0704417,168.9,0.785924,160.3,3.95633,161.5,0.0998109,169.2,0.983867,157.2,5.34443,155.6,0.070494,169.9,0.84222,160.9,3.93398,162.8,0.0965302,172.3,1.03998,157.9,5.09671,156.2
0.0769102,166.2,0.853562,158.5,4.32317,158.8,0.109069,167.2,1.07743,156.2,5.86928,154.4,0.0771094,168.2,0.911947,157.6,4.32091,158.7,0.108047,169.9,1.14172,154.2,5.57784,154.2
0.083757,162.2,0.921514,156.7,4.72099,155.5,0.117772,166.8,1.17145,155.3,6.39755,151.2,0.0836802,167.6,0.980266,157.0,4.70677,157.6,0.116645,168.2,1.24451,150.8,6.52853,150.9
0.0903417,160.5,0.988318,154.8,5.10195,154.2,0.127153,165.0,1.26654,153.0,6.9206,149.9,0.0904686,167.2,1.04931,155.1,5.09953,153.9,0.125945,167.0,1.34827,145.6,7.00817,148.8
0.0968975,158.3,1.05842,152.9,5.46571,148.8,0.136504,163.8,1.36702,151.3,7.43375,148.4,0.0968649,166.9,1.12209,153.9,5.49022,151.1,0.134773,164.7,1.44888,144.3,7.51179,142.9
0.10329,157.0,1.12698,151.3,5.82445,147.7,0.146203,162.0,1.46524,149.5,7.96806,145.0,0.103569,166.5,1.20692,153.2,5.86707,148.6,0.143658,162.4,1.55319,142.7,8.00961,142.1
0.109745,156.6,1.19175,150.3,6.18566,145.1,0.155538,161.6,1.55603,147.7,8.49218,144.0,0.110053,166.3,1.28084,152.3,6.24169,146.2,0.152362,159.6,1.65208,139.7,8.49532,140.3
0.11654,155.6,1.25747,148.6,6.54346,142.6,0.165279,159.4,1.64889,146.1,9.01894,140.3,0.116557,166.0,1.35668,151.4,6.59723,142.9,0.161003,159.4,1.75395,137.4,8.99743,138.7
0.1228,153.9,1.32505,147.9,6.89998,138.9,0.175091,158.7,1.74333,143.5,9.54256,139.6,0.123081,166.0,1.43311,150.5,6.95797,140.8,0.169665,157.5,1.85458,135.1,9.60386,136.8
0.129317,153.1,1.38945,146.7,7.25638,136.8,0.184483,158.3,1.83682,142.1,10.0503,136.8,0.129596,165.2,1.51486,150.3,7.32063,136.9,0.178466,157.0,1.95318,131.8,10.443,135.8
0.13608,152.8,1.45551,145.2,7.61204,135.4,0.193992,157.2,1.93236,140.5,10.5617,136.6,0.136311,165.2,1.58803,149.2,7.68397,133.9,0.187556,155.4,2.04955,129.9,11.2123,133.8
0.175491,152.3,1.52185,144.3,7.96917,133.3,0.203263,156.5,2.02344,140.0,11.0658,134.8,0.25119,165.0,1.65678,149.0,8.06838,132.8,0.196499,153.5,2.14843,127.9,11.7711,132.1
0.18222,152.0,1.58897,143.2,8.33083,131.5,0.212738,155.1,2.11386,137.1,11.5514,132.5,0.277973,164.8,1.72538,148.5,8.45194,130.1,0.205868,152.5,2.25026,126.4,12.2628,130.1
0.188602,151.1,1.65557,141.7,8.69162,129.8,0.222105,154.1,2.20651,135.1,12.0283,131.1,0.297549,164.4,1.79375,148.2,8.83508,128.2,0.215304,149.5,2.37997,125.1,12.7462,128.6
0.201284,150.1,1.72009,140.9,9.05156,126.9,0.231518,152.2,2.30338,133.7,12.5304,130.0,0.363955,164.4,1.86291,147.5,9.21644,127.1,0.224925,147.8,2.49463,123.8,13.2324,127.5
0.207829,149.6,1.78746,140.3,9.41098,125.9,0.241276,152.0,2.39589,132.4,13.0237,126.9,0.403751,164.1,1.9312,147.2,9.60579,124.3,0.233835,146.9,2.59947,122.3,13.7309,125.3
0.22759,149.0,1.85637,139.5,9.76881,124.3,0.250181,151.6,2.49305,130.4,13.5286,124.3,0.423546,163.8,1.9997,146.9,9.99109,123.7,0.243274,145.1,2.70688,120.8,14.2276,123.2
0.234192,148.6,1.92214,139.0,10.1261,123.2,0.258939,149.9,2.5863,128.0,14.0371,123.6,0.449664,163.4,2.06816,145.8,10.3769,121.0,0.25253,143.0,2.81248,118.9,14.717,122.3
0.240778,148.1,1.98915,138.3,10.4856,122.3,0.268785,148.8,2.679,126.5,14.5583,121.9,0.462696,162.8,2.13736,145.6,10.7388,119.3,0.269759,142.4,2.91383,118.0,15.2167,120.9
0.246967,147.8,2.05354,136.7,10.8433,121.1,0.27826,148.3,2.77235,124.7,15.0697,120.4,0.489375,162.7,2.27362,144.9,11.0932,119.0,0.278344,142.0,3.01372,116.6,15.7264,117.6
0.253493,147.3,2.11981,135.7,11.2141,120.0,0.288505,147.0,2.86562,123.7,15.5749,118.9,0.502621,161.9,2.34207,144.8,11.4654,117.1,0.287461,140.4,3.11244,115.9,16.7858,116.6
0.260104,146.2,2.18706,133.6,11.5816,119.1,0.29825,145.8,2.95858,122.1,16.0963,118.1,0.515755,161.8,2.41041,144.1,11.8267,116.3,0.296237,139.1,3.21563,113.9,17.29,114.5
0.266669,144.6,2.25512,132.5,11.9579,117.6,0.308293,145.1,3.05975,120.8,16.6302,116.5,0.581364,160.3,2.47833,143.9,12.1969,115.2,0.30499,136.8,3.31723,112.7,17.7967,113.8
0.273554,142.9,2.31933,131.2,12.3445,117.0,0.318086,143.9,3.15488,119.4,17.1315,115.3,0.607881,159.7,2.54644,143.2,12.5822,113.5,0.314514,136.3,3.41804,110.7,18.3121,112.8
0.280244,142.6,2.38439,131.0,12.718,115.9,0.328244,141.7,3.24912,118.7,17.6316,112.9,0.621231,159.6,2.61551,142.9,12.9279,112.4,0.323146,135.0,3.6223,109.7,18.8146,111.1
0.432031,141.4,2.451,129.7,13.0721,115.1,0.337776,141.0,3.34297,116.1,18.1511,111.2,0.667698,159.4,2.68433,142.2,13.2797,111.6,0.331746,134.8,3.72213,107.9,19.2977,110.8
0.444896,141.3,2.51597,129.1,13.4277,114.8,0.347274,140.8,3.43541,115.3,18.6864,110.9,0.674536,159.2,2.75321,141.6,13.635,111.0,0.340917,134.3,3.8206,107.8,19.7822,108.7
0.451505,141.3,2.58093,126.5,13.7797,113.9,0.35652,138.9,3.53053,114.0,19.2189,109.7,0.734618,158.8,2.82181,140.8,13.9878,110.0,0.349185,133.3,3.9207,106.0,20.2596,107.8
0.458115,139.9,2.64599,125.1,14.1283,113.6,0.365654,138.5,3.62435,112.9,19.7458,109.1,0.762089,158.7,2.89047,140.5,14.3417,109.2,0.357745,133.1,4.01912,105.2,20.7415,107.3
0.464779,138.0,2.71136,124.0,14.5038,113.0,0.376062,138.1,3.72217,111.8,20.2485,108.2,0.775604,158.5,2.95801,139.9,14.6979,108.8,0.366351,131.5,4.21277,104.5,21.2142,104.8
0.471288,137.4,2.77844,122.9,14.8573,112.3,0.385221,136.6,3.81445,111.1,20.7517,106.8,0.865128,158.3,3.02694,139.1,15.0519,108.3,0.375001,131.4,4.30635,103.4,22.1887,104.0
0.477829,136.8,2.84956,121.9,15.2044,111.8,0.394878,135.4,3.90786,110.3,21.2601,105.9,0.871938,158.3,3.09569,138.9,15.4061,107.4,0.383937,131.2,4.40007,102.6,22.6776,103.7
0.484307,136.6,2.91914,121.0,15.5421,111.2,0.404459,134.8,4.00149,109.5,21.7514,104.7,0.885586,158.1,3.16391,138.4,16.1187,106.4,0.392641,130.0,4.49578,102.0,23.18,102.3
0.490698,135.8,2.98627,120.6,15.8804,110.8,0.413678,134.2,4.0946,107.3,22.2479,103.7,0.939936,157.9,3.23209,138.1,16.4749,105.2,0.40142,128.8,4.59079,100.8,23.6823,101.7
0.497243,135.2,3.05449,119.5,16.2206,109.5,0.42342,133.8,4.18748,107.1,22.7415,103.2,0.946815,157.8,3.30018,137.5,16.8288,105.2,0.410519,127.6,4.68748,100.2,24.166,100.4
0.510365,134.4,3.12356,119.2,16.5576,108.9,0.433035,132.5,4.28205,107.0,23.2574,102.8,0.967396,157.8,3.36941,137.1,17.1866,104.6,0.427915,127.0,4.78722,99.2,24.645,99.5
0.516857,134.2,3.1927,117.9,16.9082,108.0,0.442903,131.7,4.37068,106.5,23.7744,101.7,1.01605,157.7,3.43731,136.8,17.5417,104.4,0.436432,126.9,4.88168,98.7,25.1351,98.6
0.523622,132.9,3.27015,117.4,17.2726,107.4,0.452342,131.4,4.46096,106.0,24.2909,100.8,1.0987,157.7,3.50526,136.3,17.8962,103.9,0.453432,126.3,4.98083,97.8,25.6278,97.8
0.530065,132.5,3.33948,117.0,17.6376,106.0,0.461683,130.5,4.55238,105.7,24.8203,100.5,1.12628,157.5,3.57448,136.0,18.2484,103.4,0.461701,125.4,5.08338,97.2,26.1139,97.0
0.595375,132.3,3.4089,116.5,18.0041,104.9,0.470941,128.6,4.6434,104.5,25.3389,99.5,1.13995,156.9,3.64276,135.5,18.6001,102.7,0.479112,124.5,5.18349,96.8,26.6115,95.5
0.601937,132.2,3.47795,115.5,18.3702,104.3,0.480373,128.5,4.73374,103.7,25.8791,99.3,1.14724,156.6,3.71142,134.9,18.9535,102.4,0.49625,124.4,5.28615,95.3,27.1235,94.5
0.608529,131.0,3.54574,114.8,18.7354,103.9,0.489394,126.7,4.82777,103.2,26.4006,98.5,1.16137,156.6,3.77964,134.5,19.2899,101.6,0.513888,123.6,5.49436,95.1,27.6037,94.0
0.614954,130.7,3.61007,113.3,19.0985,103.0,0.498831,126.4,4.92153,102.5,26.8936,97.2,1.18231,154.8,3.84757,134.1,19.6475,101.3,0.52213,123.1,5.59451,94.2,28.0935,93.8
0.621768,130.4,3.67527,112.9,19.4624,102.6,0.508111,124.9,5.0145,101.7,27.394,96.1,1.19617,153.5,3.91553,134.0,19.9918,100.9,0.531252,122.8,5.70388,94.0,28.5654,93.2
0.628206,129.7,3.74276,112.0,19.825,101.8,0.5176,124.3,5.10726,101.4,27.9059,95.9,1.33788,153.4,3.98387,133.0,20.3299,100.9,0.547566,122.4,5.80803,93.2,29.0341,92.4
0.634882,129.6,3.87873,111.6,20.1794,100.9,0.526771,124.1,5.20239,100.7,28.4118,95.6,1.37344,153.3,4.05155,132.8,20.6717,100.4,0.555652,122.1,5.9057,92.7,29.5141,91.8
0.641375,128.2,3.94669,111.1,20.5351,100.2,0.535707,123.7,5.29596,100.6,28.9278,94.2,1.4179,152.6,4.11894,131.0,21.0214,99.8,0.563371,121.6,6.0041,92.4,30.0004,91.3
0.647847,128.1,4.01509,111.0,20.903,100.1,0.544727,122.6,5.38883,100.0,29.4517,93.8,1.43968,152.4,4.25397,130.3,21.3789,99.6,0.580147,121.5,6.10462,91.8,30.4762,91.0
0.654483,127.5,4.1515,110.8,21.2634,99.8,0.562965,121.6,5.48445,99.2,29.9726,93.1,1.53776,150.8,4.39052,129.2,21.7345,99.1,0.596564,121.5,6.20199,90.6,30.951,90.4
0.660794,127.5,4.28825,110.6,21.6299,99.2,0.572249,121.3,5.5775,98.5,30.4857,92.7,1.55172,149.5,4.52547,128.8,22.0893,98.9,0.612449,121.3,6.30332,90.5,31.4293,89.5
0.667311,127.1,4.35884,110.5,21.9907,99.0,0.581978,120.8,5.67127,98.1,30.9853,92.0,1.60951,149.4,4.59354,128.6,22.4514,98.7,0.668965,121.2,6.40599,90.0,31.8955,88.8
0.673838,127.1,4.49522,110.2,22.3399,98.6,0.591175,119.2,5.76622,97.8,31.4975,91.4,1.68865,149.2,4.66265,128.2,22.8088,98.5,0.67702,120.4,6.50775,89.5,32.4199,88.0
0.680312,126.9,4.56335,109.3,22.7178,97.6,0.600638,118.5,5.86182,96.9,31.9845,90.5,1.84767,149.1,4.73053,128.0,23.1649,98.1,0.693704,120.4,6.6154,89.4,32.9321,87.5
0.686789,126.7,4.63338,109.1,23.4518,97.2,0.609978,117.8,5.95539,96.3,32.4925,89.9,1.86219,147.5,4.79802,127.5,23.8911,97.6,0.71047,120.1,6.71802,88.6,33.4646,86.6
0.693293,125.8,4.70244,108.6,23.8175,95.7,0.619271,117.7,6.05437,95.5,33.0031,89.0,1.97085,147.4,4.86701,127.1,24.2516,97.4,0.719233,120.0,6.81989,88.3,33.9741,86.1
0.699697,125.6,4.77502,107.7,24.1725,94.6,0.627829,116.9,6.1519,95.1,33.5372,88.1,2.02952,146.8,4.9354,126.9,24.6009,97.0,0.998327,119.9,6.91779,87.7,34.4803,85.4
0.706265,124.9,4.84446,107.1,24.8716,93.4,0.637254,116.6,6.25164,94.7,34.0592,87.5,2.08038,146.5,5.00378,126.0,24.9457,96.7,1.02384,119.9,7.02647,87.7,34.9687,84.9
0.712852,124.7,4.91034,105.6,25.2309,93.0,0.646991,116.3,6.34388,94.5,34.5714,87.3,2.14546,146.1,5.07099,125.6,25.3174,96.5,1.032,119.5,7.13935,86.9,35.4521,84.4
0.725814,124.5,4.9779,104.6,25.5949,91.9,0.656049,116.3,6.43925,93.8,35.0856,86.2,2.26834,144.6,5.13865,125.4,25.6983,95.6,1.04016,119.1,7.23746,86.8,35.9411,84.1
0.732341,124.5,5.04368,104.0,25.9453,91.2,0.664913,115.7,6.53576,93.5,35.592,85.4,2.27559,143.6,5.20703,125.2,26.0578,95.4,1.05658,118.9,7.34677,86.0,36.4267,83.1
0.738786,124.3,5.11061,102.9,26.2929,90.1,0.674852,115.3,6.62472,92.9,36.1059,84.5,2.28282,143.2,5.27469,125.2,26.4104,95.0,1.13492,118.9,7.44682,85.4,36.9518,82.9
0.75191,123.7,5.17877,102.4,26.6675,89.7,0.68445,114.8,6.71628,92.8,36.6176,84.1,2.31839,142.5,5.34321,124.9,26.7622,93.7,1.1671,118.7,7.54873,85.2,37.4466,81.9
0.791221,123.7,5.24599,101.9,27.0481,89.0,0.69371,113.3,6.80555,92.3,37.1628,83.6,2.35408,141.7,5.41148,124.7,27.1138,92.7,1.18376,118.4,7.75413,84.3,37.9349,81.4
0.804591,121.9,5.31363,100.5,27.419,88.6,0.703004,113.1,6.89697,92.0,37.6656,83.0,2.36896,140.1,5.61412,124.5,27.4709,92.4,1.20159,118.1,7.94646,82.9,38.45,81.0
0.811623,121.5,5.37917,99.4,27.7835,88.0,0.71245,111.7,6.98995,91.3,38.231,81.8,2.44829,139.9,5.68236,124.5,27.8151,92.0,1.30008,117.8,8.14298,82.4,38.9455,80.4
0.818292,120.2,5.4472,98.8,28.1279,87.5,0.722395,111.2,7.08033,90.3,38.7674,80.8,2.45531,139.6,5.75132,124.0,28.1704,91.6,1.31684,117.5,8.24099,81.7,39.9565,79.6
0.825,118.2,5.51202,98.7,28.4834,86.7,0.731279,111.0,7.17621,89.7,39.2859,80.2,2.51361,139.1,5.82007,123.8,28.5315,91.0,1.32549,117.0,8.50513,81.5,40.4414,79.1
0.83821,117.7,5.57962,97.0,28.8386,86.3,0.740172,110.8,7.27185,89.2,39.7905,79.8,2.54902,138.6,5.88834,123.4,28.8932,90.8,1.33409,116.9,8.62263,81.3,40.9277,78.1
0.864652,117.6,5.64641,96.8,29.1997,85.3,0.750006,110.2,7.36168,88.8,40.299,78.7,2.59791,138.4,5.96866,123.3,29.2505,90.8,1.34253,116.5,8.74215,80.6,41.9074,77.7
0.871137,117.3,5.71449,96.2,29.5641,84.6,0.768998,109.6,7.4578,88.3,40.8137,78.3,2.61195,138.3,6.047,123.2,29.6097,90.7,1.35927,116.0,8.85585,80.2,42.4018,77.2
0.877653,116.9,5.78287,95.8,29.9255,83.7,0.777998,109.5,7.55204,87.7,41.3357,77.7,2.66804,137.6,6.19788,123.0,29.9702,90.5,1.36881,115.9,9.06002,79.1,42.8552,77.2
0.884257,115.8,5.85151,95.5,30.2867,82.9,0.78688,109.1,7.64593,86.8,42.3576,77.5,2.68204,137.5,6.41599,122.2,30.339,90.4,1.63641,115.7,9.25427,78.8,43.3252,76.2
0.890927,115.3,5.91468,94.9,30.6436,82.8,0.796152,109.0,7.83113,86.2,42.8662,77.1,2.72382,137.3,6.48558,122.0,30.7142,90.3,1.65281,115.5,9.34611,78.5,44.299,75.7
0.897346,114.3,5.97965,94.7,31.0182,82.2,0.805194,108.5,7.9205,85.8,43.3381,76.6,2.745,136.2,6.55279,121.4,31.0692,90.3,1.76117,115.4,9.44,78.1,44.7854,75.5
0.910379,113.7,6.04599,94.0,31.3844,81.7,0.815544,108.0,8.0113,85.5,43.8266,75.5,2.86227,136.1,6.62047,121.2,31.415,89.7,1.88688,115.4,9.53829,77.9,45.2578,75.5
0.916835,113.3,6.11415,93.7,31.7439,81.3,0.824438,107.5,8.09799,85.4,44.8621,74.9,3.0913,136.0,6.69637,120.7,31.7641,89.7,1.90359,115.1,9.63062,77.6,45.7222,74.9
0.942904,113.3,6.17923,93.2,32.1066,80.7,0.833421,107.2,8.1875,84.5,45.3643,74.4,3.14689,135.8,6.85066,120.3,32.1223,89.7,1.91222,114.8,9.73056,76.9,46.1824,74.2
0.949589,112.8,6.24834,92.5,32.4676,80.4,0.842231,106.9,8.27881,84.1,45.8579,74.0,3.18285,135.6,6.99335,120.3,32.4687,89.6,1.92913,114.6,9.82808,76.6,46.6857,74.0
0.956221,112.4,6.3155,92.0,32.8219,80.3,0.859691,106.6,8.37091,83.7,46.358,73.6,3.23879,134.8,7.06527,120.1,32.8169,89.2,1.94656,114.2,10.0155,76.1,47.1835,73.7
0.962727,112.3,6.3808,91.9,33.179,79.9,0.8777,106.6,8.47138,83.2,46.8648,73.3,3.44054,134.8,7.21199,117.8,33.1784,89.1,1.97093,114.0,10.1125,75.7,47.6611,72.7
0.969535,111.7,6.44788,91.7,33.5391,79.8,0.913093,106.4,8.56272,82.4,47.3839,72.7,3.45426,134.2,7.28464,117.6,33.9238,88.6,1.97912,114.0,10.2037,75.4,48.1424,72.6
0.98251,111.4,6.51597,91.1,33.8912,79.5,0.921966,106.1,8.6559,82.3,47.8731,72.4,3.46119,134.2,7.35447,117.4,34.2893,88.2,1.98719,113.9,10.3882,74.6,48.6199,71.6
0.989037,111.0,6.5834,91.0,34.2607,79.1,0.95834,105.8,8.74258,81.9,48.3746,72.0,3.4889,134.0,7.42564,117.1,34.6502,87.7,2.00441,113.8,10.4816,74.4,49.1211,71.4
0.995727,111.0,6.65148,90.7,34.6194,78.8,0.975916,105.3,8.83077,81.2,48.8815,71.3,3.50287,133.9,7.49631,116.8,35.0057,87.2,2.23969,113.8,10.5783,74.1,49.5974,70.8
1.00216,110.4,6.78762,90.4,34.9662,78.5,1.0462,105.2,8.93494,80.9,49.3986,70.8,3.59265,133.8,7.56709,116.6,35.357,87.2,2.3911,113.7,10.6724,73.8,50.0708,70.5
1.00852,110.3,6.85507,89.5,35.3331,78.3,1.05573,105.1,9.03034,80.6,49.9183,70.8,3.6554,133.3,7.77904,116.1,35.7059,86.9,2.40781,112.8,10.7676,73.7,51.0131,70.1
1.01503,110.1,6.98848,89.0,35.6846,78.1,1.0648,104.1,9.11818,80.2,50.4358,70.2,3.66224,133.1,7.84869,116.0,36.0536,86.8,2.41619,112.6,10.8663,73.3,51.4989,69.3
1.0217,109.5,7.12535,88.9,36.0466,77.9,1.08283,104.0,9.20262,79.7,50.9562,69.9,3.67596,132.7,7.98346,116.0,36.4002,86.8,2.42476,112.5,10.9602,72.9,51.966,68.8
1.02836,109.4,7.18959,88.6,36.4146,77.7,1.24091,103.9,9.37173,79.7,51.4471,69.6,3.68292,132.3,8.0514,115.3,36.748,86.3,2.52193,112.4,11.0556,72.7,52.4417,68.4
1.0348,108.8,7.25325,88.3,36.7711,77.3,1.24964,103.7,9.54412,79.4,51.98,69.1,3.73124,131.9,8.11852,115.3,37.0943,85.9,2.58816,112.3,11.1517,72.5,52.9142,67.9
1.04131,108.8,7.31816,88.0,37.1079,77.1,1.25859,103.5,9.72028,79.1,52.5284,68.8,3.75871,131.8,8.18743,115.2,37.4451,85.8,2.60491,111.9,11.2787,72.2,53.3765,67.3
1.04789,108.0,7.38319,87.6,37.4412,76.8,1.26782,103.2,9.89725,78.9,53.0884,68.3,3.84104,131.3,8.25572,114.8,37.7984,85.6,2.90857,111.8,11.3829,71.8,53.8558,66.9
1.06103,107.8,7.45037,87.4,37.8043,76.4,1.27705,103.0,9.98415,78.3,53.625,68.1,3.89643,130.5,8.32452,114.3,38.4967,85.4,2.95809,111.6,11.4803,71.5,54.338,66.9
1.07422,107.7,7.51827,87.0,38.1563,76.2,1.28617,102.6,10.1597,78.1,54.1429,67.6,3.91048,130.5,8.39219,113.8,38.844,85.3,2.96603,111.5,11.5766,71.1,54.807,66.7
1.08092,107.7,7.58672,86.7,38.4986,75.8,1.29519,102.3,10.2498,77.8,54.6521,66.7,3.91749,130.1,8.4594,113.5,39.1934,85.2,2.98303,111.2,11.674,71.0,55.279,66.3
1.1747,106.9,7.6546,86.5,38.8436,75.5,1.30449,102.2,10.3371,77.6,55.1899,66.7,4.01387,130.1,8.52805,113.3,39.5358,84.9,2.9994,110.9,11.7718,70.6,55.7459,66.1
1.18052,106.4,7.72247,85.7,39.1974,75.2,1.51419,101.9,10.4282,77.3,55.7262,66.0,4.02071,129.0,8.59656,113.3,39.8824,84.7,3.00774,110.9,11.8673,70.3,56.2158,65.6
1.22377,106.1,7.78991,85.2,39.5446,74.8,1.53219,101.6,10.5225,77.1,56.2592,65.6,4.12407,128.5,8.66437,113.0,40.2318,84.4,3.03223,110.2,11.9621,70.0,57.1585,64.9
1.23013,106.0,7.85726,85.0,39.8853,74.4,1.54997,101.2,10.616,77.0,56.7891,65.2,4.5481,128.5,8.73314,112.9,41.2737,84.3,3.09061,110.0,12.0534,69.8,57.6291,64.9
1.23688,105.7,7.92131,84.2,40.2469,73.6,1.5588,101.2,10.7075,76.6,57.325,64.8,4.79546,128.2,8.80232,112.7,41.6217,84.2,3.10682,109.6,12.1463,69.5,58.0941,64.5
1.24319,105.5,8.04987,84.1,40.6096,73.4,1.56838,100.8,10.8047,76.2,57.8254,64.1,4.80272,127.8,8.87098,112.6,42.352,84.2,3.11486,109.4,12.2401,69.2,58.5677,63.9
1.24981,104.9,8.11463,83.6,41.3284,73.0,1.57774,99.7,10.8969,75.8,58.3639,63.8,4.80976,127.5,8.94032,112.5,42.7161,84.0,3.13183,109.0,12.3352,69.0,59.0357,63.7
1.25636,104.4,8.18153,83.4,41.704,72.8,1.58694,99.5,10.9864,75.2,58.8805,63.4,4.95533,126.2,9.00939,112.0,43.4468,83.9,3.14985,108.8,12.4308,68.5,59.5068,63.3
1.26277,104.2,8.24861,83.3,42.0524,72.4,1.5962,99.4,11.0762,75.0,59.3939,62.8,4.96914,125.8,9.14704,111.4,43.8095,83.7,3.22897,108.6,12.5282,68.0,59.9847,62.6
1.26947,103.9,8.31422,83.1,42.3927,72.0,1.63328,99.4,11.1691,74.8,59.9193,62.6,4.97596,125.7,9.21601,110.8,44.1704,83.6,3.26939,107.9,12.7242,67.5,60.8953,62.2
1.28246,103.3,8.3785,83.0,42.7449,71.8,1.64206,99.3,11.2606,74.2,60.4646,61.9,4.98278,125.6,9.2865,110.4,44.8899,83.2,3.30919,107.5,12.9213,67.1,61.3408,61.8
1.28906,103.1,8.44451,83.0,43.1058,71.5,1.66,98.8,11.3525,73.9,60.9905,61.1,4.98969,125.4,9.35795,110.1,45.2356,82.9,3.33258,107.1,13.013,66.7,61.7993,61.7
1.29549,103.0,8.51023,82.9,43.4509,71.2,1.66893,98.7,11.4452,73.2,61.5202,60.9,4.99666,125.3,9.42807,109.9,45.9571,82.6,3.58909,107.0,13.1119,66.3,62.2678,61.2
1.30203,102.9,8.64468,82.8,43.7838,70.8,1.67826,98.3,11.5383,72.5,62.5496,60.5,5.00334,125.1,9.49762,109.6,46.6877,82.4,3.74523,106.9,13.2109,65.8,62.7245,61.1
1.30863,102.6,8.70917,82.8,44.1393,70.7,1.68719,98.1,11.6346,71.9,63.0623,59.8,5.12183,124.2,9.56824,109.5,47.0782,82.2,3.77057,106.5,13.4087,65.5,63.177,60.8
1.31533,102.0,8.77572,82.8,44.4866,70.4,1.70491,97.9,11.7242,71.2,63.665,59.7,5.1568,123.9,9.63854,109.1,47.4242,82.0,4.11262,106.4,13.5033,65.1,63.6251,60.5
1.35425,101.9,8.84356,82.5,44.8281,70.3,1.71392,97.7,11.9091,70.8,64.2992,59.4,5.19937,123.9,9.7088,109.1,47.7708,81.6,4.12941,106.2,13.601,64.8,64.081,60.2
1.36818,101.7,8.91203,82.2,45.1726,69.7,1.74029,97.6,11.9977,70.7,64.8777,59.0,5.2135,123.2,9.84987,108.8,48.1214,81.5,4.25434,105.9,13.7013,64.5,64.5458,59.9
1.38144,101.4,9.05006,82.0,45.5164,69.5,1.75794,97.4,12.1697,70.2,65.4472,58.7,5.40639,122.6,9.99073,108.8,48.8414,81.3,4.57162,105.8,13.7992,64.1,65.0106,59.5
1.38799,101.0,9.11942,81.9,45.8558,69.5,1.77635,97.2,12.2574,69.6,66.0319,58.2,5.42003,122.5,10.0603,108.7,49.9361,81.0,4.58908,105.6,13.8954,63.7,65.4773,59.1
1.39459,100.7,9.18776,80.6,46.2016,68.9,1.78544,97.1,12.3446,69.1,66.5665,58.1,5.51688,122.5,10.1303,108.4,50.2789,80.9,5.06527,105.3,13.9916,63.7,65.9502,58.5
1.40097,100.7,9.32517,80.2,46.5726,68.7,1.79449,96.9,12.4356,68.8,67.1185,57.6,5.60694,122.2,10.3427,108.4,50.6496,80.6,5.082,105.1,14.0879,63.3,66.8908,58.3
1.40761,100.6,9.39322,80.0,46.947,67.9,1.8036,96.6,12.5294,68.4,67.6593,57.3,5.62086,122.1,10.4137,107.9,51.3809,80.0,5.09913,105.0,14.1813,63.3,67.3589,58.0
1.41412,100.3,9.45728,79.7,47.3379,67.7,1.81311,96.1,12.6169,68.2,68.1861,57.1,5.68313,121.8,10.4842,107.9,51.74,79.9,5.34952,104.9,14.2702,62.9,67.841,57.6
1.42746,99.9,9.52612,79.1,47.72,66.9,1.83127,95.5,12.7147,67.8,68.6972,56.8,5.71805,121.3,10.6249,107.4,52.0976,79.5,5.41565,104.7,14.3593,62.8,68.3106,57.3
1.7397,99.7,9.59322,78.7,48.0893,66.5,1.84125,95.3,12.8887,67.5,69.2041,56.5,5.78074,121.1,10.7658,106.9,52.4534,79.3,5.42424,104.6,14.4493,62.6,68.7744,56.6
1.74627,98.8,9.66091,77.7,48.452,66.3,1.8507,94.9,12.9762,67.3,69.6967,56.3,5.94111,120.9,11.1899,106.7,52.7944,79.1,5.44037,104.3,14.5343,62.4,69.2488,56.3
1.75931,98.7,9.72885,77.5,48.816,65.8,1.85995,94.4,13.0642,66.9,70.1883,55.9,5.95502,120.7,11.2609,106.6,53.1347,78.9,5.44905,104.1,14.6209,62.2,70.1977,56.1
1.77232,97.6,9.79746,76.7,49.1709,65.8,1.87815,94.0,13.1535,66.7,70.7186,55.7,5.9618,120.5,11.4732,106.5,53.4791,78.8,5.7219,104.0,14.7077,62.1,70.6634,55.4
1.7846,97.5,9.86596,76.6,49.5442,65.5,1.92214,94.0,13.242,66.2,71.2187,55.3,6.15641,120.4,11.5438,106.5,53.8193,78.6,5.9953,103.9,14.7951,61.4,71.6011,55.0
1.82252,97.3,9.93494,76.3,49.8843,65.1,1.93983,93.6,13.3295,66.0,71.7344,55.1,6.20553,120.3,11.6138,106.0,54.1623,78.3,6.06353,103.9,14.8854,61.3,72.0676,54.9
1.82909,97.1,10.0045,75.8,50.2288,65.1,1.95843,93.5,13.4179,65.6,72.2759,54.9,6.21257,120.1,11.6845,105.9,54.8693,78.1,6.19061,103.8,14.9783,61.1,72.5379,54.3
1.83554,96.8,10.0738,75.7,50.5746,65.0,1.96739,93.1,13.5026,65.4,72.7908,54.7,6.21955,120.0,11.7552,105.7,55.5925,78.1,6.19907,103.4,15.0676,61.0,73.0176,53.8
1.84782,95.7,10.1419,75.5,50.9201,64.6,2.19867,92.4,13.5894,65.1,73.3064,54.6,6.46242,119.5,11.8263,105.7,55.956,78.0,6.21612,103.2,15.1556,60.4,73.9742,53.3
1.86053,95.3,10.2096,75.4,51.6156,64.5,2.26996,92.0,13.7642,65.0,73.8224,54.2,6.50428,119.3,11.8964,105.4,56.6718,77.9,7.01234,103.2,15.2432,60.3,74.4339,53.1
1.86711,94.5,10.2771,75.3,51.9611,64.4,2.27897,92.0,13.9365,64.4,74.3251,54.2,6.51115,119.2,11.9658,105.3,57.0295,77.8,7.25157,102.8,15.335,60.2,74.8851,52.9
1.87335,94.0,10.3452,75.1,52.3088,64.2,2.28809,92.0,14.0224,64.3,74.8423,53.7,6.54566,119.1,12.0362,105.1,57.3931,77.8,7.34177,102.2,15.4244,59.9,75.3513,52.7
1.87926,94.0,10.4126,75.0,52.6591,64.1,2.29703,91.8,14.1067,64.2,75.3863,53.5,6.55248,119.1,12.1062,104.9,57.7513,77.7,7.35718,102.1,15.5194,59.7,75.8267,52.3
1.88534,93.1,10.4781,74.9,53.01,63.7,2.30613,91.8,14.1912,63.9,75.9123,53.3,6.73194,119.0,12.1761,104.7,58.4703,77.6,7.6181,101.4,15.6149,59.3,76.2987,52.0
1.89133,92.6,10.6736,74.7,53.7205,63.2,2.31549,91.5,14.2801,63.9,76.4305,52.8,6.76014,118.9,12.2469,104.3,59.206,77.4,7.70942,101.3,15.7091,58.9,77.2417,51.7
1.89731,92.0,10.7383,74.6,54.0707,62.8,2.32438,91.5,14.3632,63.8,76.9378,52.7,6.77496,118.9,12.4593,104.1,59.5511,77.0,7.9158,100.8,15.8045,58.5,78.1687,51.6
1.92806,91.8,10.8038,74.5,54.4233,62.6,2.34193,91.4,14.4472,63.7,77.4509,52.4,6.78193,118.6,12.5288,103.8,59.8971,77.0,7.9643,100.6,15.8995,58.5,78.6356,51.2
1.93447,91.8,10.8699,74.3,54.7697,62.2,2.35031,91.3,14.6156,63.6,77.9526,52.2,6.78881,118.5,12.5989,103.6,60.2478,76.7,7.98824,100.5,15.9954,58.1,79.0732,50.9
1.94094,91.8,10.9364,74.2,55.4735,62.2,2.359,91.0,14.6977,63.4,78.4484,51.4,7.01241,118.5,12.7391,103.5,60.6003,76.4,7.99615,100.4,16.0859,58.1,79.5379,50.8
1.94746,91.5,11.0022,74.0,55.8264,61.4,2.36774,90.9,14.7837,63.2,78.9711,51.0,7.07144,118.4,13.0208,103.4,60.9548,76.1,8.00378,100.0,16.1821,58.0,79.9992,50.4
1.9539,91.3,11.0676,73.9,56.1865,61.3,2.38603,90.8,15.0433,62.8,79.495,50.8,7.10773,118.3,13.1636,103.3,61.3054,75.9,8.01146,99.9,16.2767,57.4,80.4616,50.1
1.96013,91.3,11.1336,73.6,56.8982,60.9,2.46522,90.1,15.2113,62.7,80.0102,50.5,7.11507,118.1,13.2337,103.2,61.6578,75.7,8.05007,99.4,16.468,56.7,80.9245,49.9
1.96679,91.0,11.199,73.1,57.2712,60.4,2.47405,90.0,15.488,62.3,80.5022,50.0,7.12254,117.4,13.3046,103.1,62.0117,74.9,8.10858,99.2,16.659,56.5,81.3908,49.7
1.98028,91.0,11.3315,72.7,57.6244,60.3,2.4829,89.5,15.6687,61.9,80.9949,49.8,7.13744,117.3,13.4475,102.8,62.3602,74.6,8.46507,98.9,16.7524,56.4,81.8504,49.6
1.98697,90.9,11.3982,72.3,57.9727,60.2,2.74006,89.4,15.8536,61.4,81.4925,49.2,7.1447,117.0,13.5176,102.7,62.7049,74.2,8.49797,98.8,16.8453,56.0,82.3299,49.3
2.00039,90.7,11.4666,72.3,58.6744,60.2,2.76832,89.0,16.0368,60.9,82.4929,49.0,7.15239,116.9,13.5893,102.6,63.0586,73.7,8.52921,98.7,17.038,55.7,82.7996,48.8
2.03304,90.4,11.5315,72.0,59.0269,60.1,2.77733,88.8,16.1291,60.8,82.9889,48.6,7.27798,116.9,13.6599,102.5,63.7758,73.3,8.54554,98.4,17.1311,55.5,83.2677,48.8
2.09537,90.3,11.5966,71.8,59.3815,60.0,2.78661,88.7,16.4006,60.5,83.9933,48.4,7.32215,116.4,13.7305,102.3,64.4999,73.3,8.55412,98.2,17.2251,55.3,83.7417,48.5
2.10153,90.1,11.6609,71.6,59.7315,59.8,2.79581,87.6,16.6581,60.5,84.4843,48.1,7.45444,116.2,13.8713,102.2,65.2277,73.2,8.8232,97.5,17.3207,55.1,84.233,48.0
2.10779,90.1,11.7256,71.4,60.0845,59.7,2.81432,87.5,16.7445,60.1,84.9787,47.7,7.55114,115.7,13.9414,101.1,65.5882,73.0,8.83147,97.4,17.5055,54.8,85.1957,48.0
2.11418,89.9,11.7951,71.1,60.4367,59.7,2.84873,87.4,16.9232,59.9,85.4855,47.5,7.60787,115.7,14.0823,100.7,66.3065,72.0,9.09168,97.3,17.6915,54.7,85.6631,47.7
2.12071,89.9,11.8618,71.0,60.7913,59.6,2.85685,87.3,17.0894,59.8,85.9977,47.4,7.72006,115.1,14.2223,100.3,66.6554,71.6,9.46042,97.2,17.877,54.5,86.1146,47.4
2.12713,89.5,12.1306,70.9,61.1367,59.3,2.86555,87.2,17.2635,59.5,86.5285,47.1,8.00147,115.0,14.3649,100.1,67.0024,71.5,9.46859,97.1,17.9786,54.4,86.5677,47.0
2.13359,89.2,12.1994,70.7,61.4886,59.0,2.87415,87.0,17.5212,59.3,87.0963,46.8,8.02877,114.9,14.929,99.8,67.3515,71.3,9.55184,97.0,18.0759,54.3,87.0312,46.5
2.1401,89.1,12.3335,70.4,61.8398,58.7,2.89273,86.7,17.6917,59.1,87.621,46.4,8.16503,114.8,14.9998,99.7,67.6971,70.9,9.60153,96.9,18.1697,54.1,87.5018,46.4
2.14658,88.7,12.4014,70.2,62.5539,58.4,2.91057,86.6,17.777,58.9,88.1335,46.3,8.20231,114.7,15.0704,99.4,68.0383,70.8,9.60958,96.8,18.3561,53.7,87.9934,45.9
2.15301,88.5,12.4707,70.0,62.9143,58.0,2.92898,86.5,17.8632,58.9,88.6476,46.1,8.24697,114.6,15.1407,99.3,68.3782,70.8,9.90888,96.5,18.4482,53.6,88.4815,45.5
2.30933,88.2,12.5385,69.8,63.2726,57.9,2.9382,86.3,17.9495,58.9,89.1448,45.7,8.30516,114.4,15.2109,98.4,68.7193,70.3,10.1179,96.1,18.5423,53.5,88.9457,45.4
2.31543,87.7,12.6072,69.3,63.6273,57.6,2.95761,86.2,18.0355,58.7,89.6209,45.6,8.53855,114.4,15.2814,98.3,69.0587,70.2,10.1584,96.0,18.6394,53.4,89.4557,45.1
2.32763,87.4,12.6718,69.1,63.9842,57.3,2.96662,86.2,18.1208,58.3,90.0909,45.2,8.55313,113.3,15.3525,98.2,69.4029,70.1,10.4535,95.8,18.73,53.1,89.9146,44.8
2.33396,87.3,12.737,68.8,64.3472,56.9,2.97518,85.8,18.2083,58.0,90.5645,45.0,8.60415,113.1,15.4932,98.1,69.7482,69.7,10.5525,95.2,18.8249,53.0,90.3641,44.5
2.76073,86.9,12.8016,68.6,64.7098,56.6,2.98454,85.3,18.2992,57.6,91.0472,44.4,8.6926,113.0,15.5633,98.1,70.0884,69.5,10.9801,94.8,18.9234,52.8,90.8325,44.0
2.76728,86.2,12.8725,68.1,65.0634,56.1,3.00308,85.2,18.5719,57.3,92.0228,44.0,8.76267,112.7,15.6334,98.0,70.4335,69.2,11.1016,94.7,19.0187,52.5,91.2974,43.7
2.77396,85.8,13.0085,67.7,65.4074,55.9,3.01183,85.0,18.6543,57.0,92.5159,43.5,8.76931,112.6,15.7042,97.8,70.7827,69.1,11.433,94.4,19.1184,52.5,91.752,43.6
2.78057,85.5,13.2112,67.5,65.7486,55.8,3.02096,84.5,18.8296,56.9,93.0359,43.0,8.77601,112.3,15.7753,97.7,71.1387,68.9,11.4823,94.4,19.2149,52.2,92.2013,43.2
2.78715,85.4,13.2782,67.3,66.1097,55.5,3.03013,84.4,18.9169,56.8,94.0376,42.8,8.8024,112.0,15.9151,97.4,71.8825,68.8,11.7713,94.2,19.3073,51.8,92.6795,43.2
2.7938,85.1,13.3463,67.2,66.477,55.3,3.03957,84.0,19.0039,56.6,94.5406,42.6,8.80913,112.0,15.9848,97.2,72.9282,68.8,12.5129,94.2,19.3965,51.6,93.1319,42.8
2.80056,84.9,13.4142,66.9,66.8337,54.9,3.04945,83.9,19.0916,56.6,95.0235,42.4,9.17708,111.9,16.0554,97.0,73.277,68.7,12.5299,93.8,19.488,51.3,93.9939,42.7
2.80706,84.8,13.4825,66.4,67.1946,54.8,3.05873,83.8,19.1797,56.3,95.5513,42.0,9.19064,111.9,16.126,96.6,74.3151,68.5,12.7643,93.3,19.5751,51.0,94.4387,42.5
2.81376,84.5,13.5476,66.2,67.9098,54.7,3.06796,83.4,19.2669,56.0,96.09,41.6,9.19737,111.7,16.2672,96.3,74.6705,68.5,12.7804,93.1,19.6607,50.9,94.872,42.4
2.82668,84.5,13.6151,65.5,68.2564,54.5,3.0776,83.3,19.3596,55.7,96.5963,41.4,9.33815,111.4,16.4081,96.1,75.0327,68.3,12.7885,92.9,19.748,50.6,95.3058,42.3
2.83334,84.4,13.6834,65.1,68.9701,54.4,3.14786,83.2,19.4532,55.6,97.0793,41.1,9.34464,111.1,16.4777,95.9,75.38,68.3,12.8795,92.7,19.8384,50.3,95.7378,42.2
2.87937,84.4,13.75,65.0,69.3313,54.2,3.15702,83.1,19.5439,55.0,97.5835,40.9,9.48056,111.0,16.7592,95.6,75.7289,68.0,13.1991,92.6,19.9336,50.3,96.1966,42.1
2.88599,84.3,13.8176,64.5,69.6846,53.9,3.17496,83.0,19.7244,54.8,98.0779,40.9,9.56055,110.9,16.9701,95.3,76.0784,68.0,13.2072,92.6,20.1229,50.3,96.6373,41.7
2.89278,84.1,13.8856,64.5,70.0394,53.8,3.18401,82.6,19.8131,54.8,98.5723,40.6,9.56798,110.9,17.1808,95.0,76.4636,67.7,13.2488,92.4,20.4891,50.1,97.1007,41.6
3.02391,84.0,13.9546,64.5,70.3964,53.6,3.19344,82.2,19.8999,54.7,99.0798,40.6,9.57536,110.7,17.3234,94.9,76.8538,67.3,13.6489,92.3,20.5767,50.0,97.5541,41.5
3.0305,83.9,14.0219,64.4,70.7554,53.4,3.20299,82.1,19.9854,54.7,99.5686,40.5,9.81714,110.4,17.3975,94.7,77.2146,67.1,13.7054,92.0,20.67,49.7,98.0108,41.1
3.03706,83.7,14.2206,64.3,71.1121,53.2,3.21185,81.7,20.0789,54.4,100.052,40.3,9.8246,110.2,17.4704,94.6,79.7248,67.0,13.8356,91.6,20.8517,49.5,98.4512,40.6
3.0501,83.7,14.4147,64.0,71.461,53.1,3.22081,81.6,20.1661,54.4,100.534,40.3,9.94229,109.9,17.5442,94.3,81.1216,66.9,13.844,91.2,24.5414,49.5,98.8948,40.5
3.44802,83.4,14.5463,63.6,71.8048,52.9,3.22946,81.5,20.342,54.2,101.013,40.2,10.0017,109.7,17.6177,94.2,81.8091,66.9,13.9,91.0,25.5811,49.4,99.3425,40.3
3.45406,83.2,14.6819,63.5,72.153,52.6,3.24602,81.5,20.4345,54.1,101.507,40.0,10.3107,109.2,17.6909,93.9,82.1455,66.8,13.9317,90.9,25.9157,49.4,99.7927,40.0
3.46018,83.0,14.7473,63.4,72.5021,52.5,3.42187,81.1,20.5251,53.9,102.009,39.9,10.5705,108.9,18.2127,93.3,82.4821,66.5,14.1797,90.5,26.0842,49.1,100.242,39.8
3.47217,82.8,14.8122,63.3,73.2223,52.3,3.44051,81.0,20.6161,53.7,102.507,39.7,10.577,108.8,18.357,93.3,82.817,66.4,14.8094,90.3,26.2556,49.0,100.703,39.6
3.47845,82.8,14.8778,63.2,74.2838,52.0,3.44939,81.0,20.7071,53.6,103.007,39.3,10.671,108.6,18.4991,93.3,84.5473,66.0,15.0963,90.3,26.4285,48.9,101.161,39.5
3.48488,82.6,14.9427,62.8,74.9847,51.8,3.45863,80.9,20.7992,53.4,103.526,39.2,10.6774,108.5,18.5717,93.1,85.2367,65.9,15.7144,89.9,26.5169,48.8,101.625,39.4
3.49127,82.6,15.0807,62.6,75.3404,51.5,3.46813,80.5,20.8913,53.3,104.026,39.1,10.7307,108.4,18.6423,93.1,85.9312,65.9,15.806,89.7,26.6042,48.8,102.141,39.3
3.49776,82.5,15.1487,62.5,75.7032,51.3,3.47744,80.0,20.9801,53.1,104.497,38.8,10.8833,107.3,18.8543,93.1,88.7445,65.4,15.9518,89.5,26.6926,48.7,102.644,39.1
3.52359,82.4,15.2857,62.4,76.7699,51.1,3.48689,80.0,21.0659,52.9,105.444,38.7,10.8899,107.3,18.9253,92.7,91.2334,64.9,16.0619,89.4,26.7782,48.6,103.105,39.0
3.53641,82.3,15.3544,62.4,77.4813,51.0,3.62658,79.9,21.1572,52.7,105.935,38.5,11.1047,107.1,19.0663,92.5,92.368,64.9,16.0874,88.9,28.3025,48.5,103.558,39.0
3.54933,82.3,15.4239,62.2,77.8482,50.9,3.64483,79.6,21.2518,52.7,106.413,38.3,11.1245,106.9,19.1368,92.4,92.7608,64.7,16.1152,88.8,30.6802,48.3,103.994,38.8
3.55611,82.2,15.4925,61.9,78.2072,50.8,3.65358,79.5,21.3417,52.5,106.9,38.1,11.1379,106.6,19.6302,92.3,93.489,64.7,16.2098,88.4,31.6068,48.2,104.456,38.5
3.56267,81.7,15.5603,61.8,78.9251,50.5,3.84541,79.5,21.4343,52.3,108.311,38.1,11.1453,106.4,19.7012,92.3,95.714,64.7,16.5464,88.1,31.7757,48.0,105.384,38.3
3.57637,81.5,15.6255,61.4,79.6286,50.4,3.86418,79.3,21.5244,52.0,109.27,37.9,11.2325,106.3,19.7727,92.2,96.4254,64.2,16.5634,88.1,33.188,47.9,106.305,38.2
3.59099,81.5,15.6954,61.2,79.9781,50.3,3.8733,79.2,21.6135,51.8,110.255,37.8,11.3465,106.2,19.9842,91.9,96.7914,64.2,16.6248,87.9,36.8171,47.7,107.645,38.1
3.60418,81.5,15.7633,60.8,80.6722,50.3,3.88241,79.1,21.7081,51.5,110.755,37.7,11.3532,105.7,20.2658,91.4,97.1524,64.1,16.7714,87.7,37.4954,47.6,108.084,37.6
3.78154,81.3,15.8325,60.7,82.4183,49.9,3.89084,78.7,21.8018,51.2,111.261,37.6,11.38,105.7,20.83,91.3,98.6974,64.0,16.78,87.7,37.6694,47.1,108.977,37.3
3.82866,80.7,15.9011,60.2,83.0944,49.2,3.9001,78.7,21.8939,50.9,111.75,37.4,11.5459,105.4,20.973,91.2,99.7652,63.9,16.7885,87.4,37.8508,46.9,109.427,37.2
3.84198,80.2,15.97,60.2,83.4494,49.1,3.90915,78.5,22.0695,50.8,112.694,37.3,11.9133,105.4,21.253,91.1,101.572,63.9,17.1041,87.0,38.0294,46.8,109.879,37.0
3.84857,80.1,16.0381,59.7,83.8075,48.4,3.91839,78.4,22.1539,50.8,113.188,37.1,12.1186,105.2,21.3944,91.0,102.285,63.9,17.1207,87.0,38.1161,46.7,110.331,37.0
3.85545,80.0,16.1744,59.6,84.162,48.3,3.92768,78.1,22.2395,50.7,113.65,37.0,12.3778,105.2,21.4641,90.9,102.98,63.8,17.4069,86.9,38.2016,46.7,110.765,37.0
3.8622,79.8,16.2432,59.5,84.5136,48.1,3.94563,78.1,22.3308,50.4,114.126,36.7,12.3846,105.1,21.5339,90.6,103.329,63.8,17.6106,86.6,38.3742,46.4,111.21,36.6
4.29193,79.6,16.3119,59.4,84.8516,48.0,3.95428,78.0,22.4248,50.3,114.61,36.5,12.3915,105.0,21.6748,90.4,103.682,63.4,18.0194,86.5,38.46,46.3,111.68,36.6
4.29833,78.4,16.3805,59.4,85.1877,47.5,3.99725,77.9,22.5172,50.2,115.109,36.3,12.4963,104.7,21.7453,90.2,104.042,63.3,18.1824,86.4,38.547,46.2,112.162,36.3
4.31134,78.1,16.4477,59.4,85.5199,47.4,4.0611,77.9,22.6062,50.1,115.618,36.1,12.5389,104.5,21.8155,90.1,104.389,63.3,18.6525,86.3,38.635,45.9,112.628,35.9
4.31805,78.0,16.7818,59.3,85.868,47.0,4.39611,77.8,22.695,49.8,116.091,35.9,12.6794,104.3,21.8862,89.7,104.8,63.1,18.8874,86.2,38.7222,45.8,113.096,35.7
4.32435,77.8,16.9148,59.1,86.2056,46.6,4.40507,77.2,22.7833,49.5,116.596,35.7,12.7214,104.2,22.0961,89.5,105.192,63.0,18.9687,85.7,38.8971,45.8,113.561,35.6
4.33719,77.6,17.0539,59.1,86.5404,46.4,4.56759,76.7,22.8718,49.4,117.119,35.5,12.7286,103.7,22.2383,89.5,107.064,62.6,18.9926,85.6,39.0755,45.6,114.03,35.2
4.34348,77.4,17.1226,59.1,86.8781,45.9,4.64502,76.3,22.9636,49.1,117.622,35.3,12.7356,103.5,23.5802,89.3,108.11,62.5,19.2424,85.6,42.1627,45.4,114.498,35.1
4.34978,77.3,17.1918,58.9,87.2169,45.4,4.66257,76.1,23.052,49.0,118.114,35.1,12.9414,103.3,23.6506,89.2,108.457,62.4,19.2586,85.2,43.9381,45.4,114.944,35.0
4.37498,77.1,17.3991,58.7,87.5563,45.3,4.68,75.8,23.1394,48.9,118.635,34.7,13.0607,103.2,23.9313,88.8,108.809,62.4,19.5036,84.7,44.1974,44.9,115.42,34.7
4.38132,77.0,17.5339,58.6,87.8936,44.9,4.69776,75.7,23.2258,48.6,119.184,34.5,13.0674,103.1,24.0723,88.7,109.878,62.0,19.5119,84.4,44.8524,44.8,116.414,34.4
4.38746,76.9,17.6715,58.5,88.2356,44.6,4.84537,75.4,23.3103,48.5,119.69,34.2,13.0741,103.0,24.1419,88.7,111.623,61.9,19.5446,84.2,45.2052,44.7,116.986,34.3
4.39363,76.8,17.8053,58.5,88.5729,44.3,5.1822,75.4,23.397,48.4,120.197,34.0,13.2025,102.8,24.2165,88.6,111.975,61.9,19.948,84.1,45.3783,44.6,117.452,34.2
4.56879,76.8,17.8724,58.4,88.9306,44.3,5.2518,75.1,23.485,48.2,120.705,33.7,13.4046,102.7,24.2872,88.6,112.67,61.9,19.9652,83.8,45.4662,44.6,117.927,34.0
4.5751,76.6,17.9379,58.1,89.6389,44.1,5.26047,75.1,23.5751,48.0,121.219,33.2,13.4844,102.6,24.3566,88.5,114.412,61.3,20.6578,83.7,49.9039,44.5,118.398,33.9
4.58778,76.4,18.3435,58.1,90.3546,44.1,5.26978,75.0,23.7509,47.7,122.235,33.1,13.5983,102.6,24.4915,88.4,115.507,61.2,20.7334,83.5,50.1625,44.3,118.867,33.6
4.60043,76.2,18.4811,57.8,90.7013,44.0,5.27901,74.9,23.9267,47.3,122.725,32.9,13.6252,102.3,24.5592,88.2,118.064,61.0,21.6203,83.4,52.3009,44.3,119.332,33.5
4.60653,76.0,18.5483,57.6,91.3973,43.9,5.28812,74.6,24.1015,47.3,124.18,32.5,13.822,102.2,24.6292,88.1,119.172,60.9,21.644,83.3,52.5482,43.9,119.807,33.1
4.61305,75.9,18.614,57.2,91.7454,43.9,5.30674,74.2,24.1852,47.1,125.625,32.3,13.954,102.2,24.6974,88.0,119.533,60.7,22.1816,83.2,56.4596,43.7,120.27,32.8
4.62566,75.7,18.6811,56.8,92.092,43.7,5.48779,74.1,24.3535,47.1,126.567,32.2,14.057,101.9,24.7689,88.0,119.889,60.6,22.3064,82.9,61.3604,43.6,120.734,32.7
4.63407,75.7,18.7487,56.6,92.4382,43.6,5.49726,74.0,24.442,46.9,127.037,32.1,14.2155,101.4,25.1227,87.8,120.242,60.5,22.3406,82.8,61.5271,43.4,121.201,32.4
4.64041,75.3,18.8154,56.3,92.7963,43.5,5.50713,73.7,24.6987,46.8,127.505,31.5,14.5373,101.3,25.1941,87.6,120.594,60.4,22.5806,82.8,61.6128,43.2,121.665,32.0
4.65276,75.2,18.8804,55.7,93.1565,43.4,5.51692,73.5,25.5467,46.7,128.939,31.2,14.6774,101.3,25.2667,87.4,120.978,60.4,22.8034,82.7,61.8622,43.2,122.131,31.7
4.65902,75.2,18.9462,55.3,93.8684,43.4,5.52607,73.0,25.6316,46.5,129.416,31.0,14.6842,101.1,25.411,87.3,121.729,60.4,22.8295,82.4,68.3943,43.0,122.596,31.4
4.79443,75.1,19.0139,55.0,94.2295,43.3,5.53613,72.7,25.8028,46.3,130.378,30.5,14.8614,100.0,25.4826,87.2,124.955,60.0,22.8378,82.3,68.4793,42.8,123.529,31.3
4.80073,75.1,19.0822,54.6,94.587,43.2,5.54606,72.3,25.892,46.2,130.86,30.4,15.162,99.7,25.5552,87.1,126.772,59.1,23.5042,82.1,68.5634,42.7,123.989,31.0
5.21632,75.0,19.1503,54.4,94.9409,43.1,5.67532,72.1,25.9799,46.1,131.346,30.1,15.2039,99.6,26.0571,87.1,127.485,58.5,23.5211,81.7,68.6476,42.4,124.43,31.0
5.23605,74.8,19.2176,54.4,95.2945,43.0,5.70354,72.0,26.1552,45.9,131.828,30.1,15.2554,98.8,26.4157,87.1,129.242,58.2,23.6083,81.4,75.2982,42.3,124.873,30.8
5.25522,74.8,19.3558,54.2,95.6443,42.9,5.72261,71.7,26.5836,45.6,132.295,29.9,15.4527,98.5,26.5588,87.0,130.305,57.8,24.4921,81.1,75.6379,42.1,125.321,30.6
5.26189,74.7,20.5802,53.7,95.998,42.7,5.73177,71.6,28.5392,45.4,132.783,29.6,15.6739,98.1,26.6297,87.0,132.077,57.4,24.5184,81.0,75.8056,41.7,125.767,30.5
5.27494,74.6,21.2342,53.7,96.358,42.4,5.74166,71.5,28.7928,45.4,133.277,29.4,15.6811,98.0,26.8422,86.9,133.138,57.3,24.5351,80.9,75.9788,41.6,126.202,30.3
5.28843,74.3,21.3635,53.1,96.7144,42.1,5.75115,71.4,28.9602,45.3,133.775,29.0,16.0195,97.9,26.9852,86.9,134.202,57.2,26.0283,80.9,76.1453,41.4,126.639,30.2
5.30186,74.3,21.4981,52.8,97.4289,42.0,5.7607,71.4,29.2156,45.2,134.269,28.8,16.8272,97.2,27.5587,86.8,134.89,57.1,26.045,80.7,76.308,41.3,127.07,30.2
5.31488,73.9,21.5661,52.7,97.7864,41.9,5.77014,71.2,29.5619,45.2,134.772,28.7,16.8494,97.0,27.7725,86.7,137.727,56.8,26.1193,80.2,77.9002,41.1,127.487,30.0
5.32128,73.9,21.6994,52.6,98.1848,41.8,5.85204,71.2,29.6458,45.0,135.266,28.6,16.9019,96.1,28.129,86.7,138.428,56.8,26.1686,79.9,78.0655,41.0,128.341,29.8
5.32827,73.7,22.0376,52.5,98.8935,41.4,5.99995,71.1,29.9065,44.9,135.753,28.3,17.0116,95.4,28.4052,86.7,139.504,56.7,26.1769,79.4,79.2203,40.9,129.201,29.7
5.35493,73.7,22.2386,52.2,99.2492,41.1,6.07376,71.0,30.6907,44.5,136.241,28.0,17.576,95.3,28.9009,86.3,140.6,56.6,26.2449,78.9,79.3029,40.6,129.658,29.6
5.36152,73.5,22.3063,52.1,99.6001,40.9,6.09242,70.9,31.6266,44.3,136.738,27.6,17.6055,95.3,29.1117,86.2,140.974,56.6,28.6902,78.7,83.0966,40.5,130.581,29.6
5.36797,73.3,22.3739,52.1,99.9507,40.6,6.2387,70.8,31.7969,44.2,137.235,27.3,17.6347,94.6,29.3228,86.0,141.714,56.5,29.163,78.7,83.2663,40.4,131.032,29.5
5.37522,73.3,22.508,52.0,100.295,40.4,6.69714,70.8,31.9755,44.1,137.73,27.3,17.6789,94.4,29.9381,85.8,143.523,56.2,29.1799,78.6,83.3503,40.2,131.494,29.5
5.38171,73.0,22.575,52.0,100.64,40.0,6.70696,70.8,32.2352,44.1,138.191,27.3,17.8312,93.8,30.2772,85.7,145.305,56.2,29.5716,78.5,85.0706,40.1,132.39,29.4
5.38834,72.7,22.6419,52.0,100.98,39.7,6.73445,70.7,32.3228,44.0,138.673,27.2,18.4461,93.6,30.3451,85.5,145.68,56.0,30.0091,78.5,86.2549,40.0,134.139,29.3
5.39477,72.7,22.9826,51.7,101.719,39.7,6.79061,70.6,32.498,43.9,139.615,27.1,18.453,93.2,30.48,85.4,146.025,56.0,30.3068,77.5,87.9172,39.9,136.343,29.0
5.4014,72.5,23.05,51.6,102.082,39.6,6.80913,70.3,32.5834,43.9,140.079,27.1,18.8041,93.2,30.954,85.2,147.771,55.9,30.3229,77.2,92.5411,39.8,138.11,28.8
5.42118,72.5,23.1188,51.3,102.444,39.2,6.82824,70.2,32.6723,43.8,140.561,27.1,18.9084,93.1,31.0214,85.1,148.472,55.8,31.4612,77.0,93.3959,39.8,140.024,28.6
5.42773,72.5,23.1882,51.2,102.807,39.1,7.01191,70.1,32.8449,43.7,141.031,27.0,19.0744,93.1,31.1572,84.9,148.819,55.7,31.5903,76.7,93.5626,39.7,141.384,28.6
5.43443,72.3,23.2573,51.0,103.164,39.0,7.2034,70.0,32.9292,43.6,141.495,26.8,19.5123,92.9,31.2931,84.5,149.516,55.6,31.7137,76.6,93.6471,39.6,142.274,28.5
5.44761,72.2,23.3265,50.7,103.515,38.9,7.21438,69.9,33.0977,43.4,142.478,26.7,19.61,92.7,31.4294,84.5,150.567,55.6,31.7568,76.2,93.8148,39.5,142.716,28.2
5.50677,72.1,23.4613,50.6,103.858,38.9,7.47047,69.8,33.1837,43.3,142.947,26.6,20.2205,92.4,31.6334,84.4,150.914,55.5,31.8086,75.9,96.1036,39.2,143.168,28.2
5.56971,72.0,23.5262,50.5,104.201,38.8,7.49647,69.7,33.4491,43.2,143.415,26.5,20.2274,92.3,31.7007,84.2,151.267,55.4,31.8502,75.6,98.9509,39.1,144.084,27.8
5.57609,71.9,23.6562,50.5,104.55,38.6,8.03199,69.5,33.7049,43.2,143.926,26.4,20.2414,92.2,31.9704,83.8,151.616,54.8,31.9269,75.0,99.1174,39.1,148.118,27.5
5.5829,71.7,23.7223,50.2,104.905,38.5,8.31474,69.1,34.0515,43.1,144.924,26.1,20.333,92.0,32.3077,83.7,154.459,54.6,32.4459,74.9,99.2024,38.9,152.478,27.3
5.58935,71.5,23.8533,50.0,105.271,38.4,8.34069,68.7,34.1364,43.0,145.434,25.9,20.3815,91.6,32.4428,83.6,156.745,54.6,33.1616,74.8,99.7166,38.9,153.797,27.2
5.60212,71.2,24.0686,49.8,106.35,38.0,8.5768,68.6,34.2236,43.0,146.426,25.8,20.3886,91.5,32.5789,83.5,157.105,54.3,33.7704,74.5,99.8848,38.9,160.353,27.1
5.60881,71.0,24.2774,49.7,106.704,38.0,8.59408,68.3,34.313,42.6,146.9,25.5,20.5118,91.4,32.6477,83.4,157.463,54.2,33.7793,74.0,101.216,38.8,163.34,26.9
5.91753,71.0,24.3432,49.6,107.064,37.9,10.1326,68.2,34.4029,42.6,150.769,25.5,21.0633,91.2,32.7178,83.4,158.174,54.0,33.905,73.7,101.381,38.8,165.072,26.6
5.92359,70.9,24.4101,49.5,107.422,37.7,10.3286,68.0,34.4935,42.4,152.256,25.2,21.0703,91.1,32.7894,83.3,158.531,53.9,33.9538,73.5,101.472,38.7,169.032,26.5
5.93023,70.6,24.4775,49.4,107.791,37.5,10.3373,67.9,34.5846,42.2,152.801,25.1,21.1678,91.0,33.3602,83.2,158.898,53.9,34.072,73.2,101.557,38.7,170.339,26.4
6.42395,70.4,24.6164,49.3,108.145,37.4,10.5739,67.9,34.6737,42.0,153.747,25.0,21.1749,90.9,33.8633,83.1,159.249,53.8,34.0802,73.1,102.456,38.5,171.656,26.4
6.48229,70.4,24.6846,49.1,108.51,37.3,10.593,67.5,34.7635,41.9,154.24,24.8,21.2664,90.8,34.0776,83.0,159.951,53.8,34.0971,72.9,104.981,38.5,172.094,26.1
6.61957,70.3,24.8218,49.0,108.877,37.1,10.6216,67.3,34.85,41.7,154.742,24.7,21.2735,90.7,34.221,82.9,160.301,53.6,34.8991,72.8,105.145,38.1,175.554,26.0
6.67286,70.1,24.8902,48.8,109.227,37.0,10.6485,67.3,34.9381,41.3,155.733,24.6,21.5244,90.5,34.2926,82.8,160.664,53.5,35.7819,72.7,105.4,38.0,176.413,25.9
6.6967,70.1,24.9578,48.4,109.571,36.9,10.6576,67.0,35.1136,41.0,156.715,24.5,21.6904,90.5,34.7868,82.5,161.031,53.4,35.7987,72.7,105.656,37.9,177.286,25.8
6.7163,70.0,25.092,48.4,110.614,36.7,10.6674,66.7,35.2909,40.9,157.22,24.0,22.0161,90.2,35.2003,82.3,161.742,53.1,35.8323,72.3,106.41,37.9,178.583,25.8
6.76741,69.9,25.291,48.2,110.962,36.7,11.3065,66.3,36.0488,40.9,158.227,23.7,22.1418,90.1,35.3388,82.3,162.092,53.0,36.1512,72.2,106.493,37.8,179.462,25.8
6.77412,69.9,25.4267,48.0,111.653,36.6,11.3149,66.1,36.3007,40.6,159.228,23.5,23.0282,89.8,35.4762,82.2,163.545,52.9,36.1667,72.2,106.577,37.6,181.209,25.7
6.78107,69.9,25.4933,48.0,112,36.6,11.3236,65.8,36.5616,40.6,160.226,23.4,23.3633,88.8,35.546,82.2,164.266,52.9,36.6817,72.0,106.662,37.4,188.201,25.6
6.78754,69.8,25.5597,47.9,112.347,36.5,11.3326,65.8,36.8151,40.5,160.714,23.2,23.6119,88.6,35.9078,81.8,164.629,52.9,36.6977,71.7,108.55,37.4,189.054,25.4
6.81389,69.7,25.6925,47.8,112.7,36.5,11.3415,65.7,39.4439,40.4,161.212,23.0,23.9767,88.5,36.1212,81.6,164.989,52.8,36.9506,71.7,112.181,37.2,191.237,25.3
6.84059,69.3,25.7595,47.6,113.052,36.4,11.3505,65.6,39.6156,40.3,161.692,23.0,24.0366,88.3,36.3395,81.6,168.999,52.5,37.6117,71.6,112.348,37.2,197.431,25.1
6.91849,69.1,25.8241,47.5,113.399,36.2,11.3596,65.6,39.8797,40.2,162.174,22.7,24.1316,88.3,36.409,81.5,171.13,52.4,38.1001,71.6,113.837,37.1,211.855,24.9
6.92488,69.1,25.8933,47.5,114.089,36.0,11.3686,65.6,40.0563,39.9,162.671,22.6,24.2489,88.2,36.5488,81.0,171.488,52.2,40.212,71.1,117.495,37.0,212.28,24.9
6.93086,69.0,26.2923,47.4,114.438,36.0,11.3777,65.3,40.1411,39.8,163.164,22.5,24.6935,88.0,36.6287,81.0,172.545,52.1,40.2372,71.1,119.727,36.8,213.139,24.7
6.97036,68.8,26.3591,47.3,114.795,35.9,11.3869,65.2,40.2306,39.6,163.652,22.3,24.9059,87.9,36.8434,80.3,173.251,51.8,40.2783,70.7,120.921,36.8,225.677,24.7
7.00298,68.7,26.4235,47.2,115.169,35.7,11.4047,65.0,40.3199,39.5,164.152,22.2,24.9127,87.6,36.9855,79.9,173.604,51.8,41.4993,70.7,121.099,36.5,226.992,24.5
7.03631,68.7,26.5557,46.9,115.899,35.7,11.4132,64.9,40.4086,39.2,164.632,22.2,25.1626,87.5,37.9172,79.8,174.681,51.7,41.5076,70.6,121.269,36.4,227.416,24.4
7.10282,68.5,26.6243,46.7,116.286,35.6,11.4303,64.6,40.4948,38.9,165.12,22.0,25.2811,86.9,38.054,79.7,175.727,51.6,41.6827,70.6,125.623,36.1,228.278,24.2
7.11609,68.4,26.6898,46.7,116.637,35.5,11.4728,64.6,40.5828,38.9,166.543,21.9,25.3718,86.7,38.1223,79.6,176.772,51.4,42.1078,70.2,126.292,35.9,237.806,24.1
7.12985,68.4,26.7568,46.4,116.989,35.4,11.7556,64.5,40.6717,38.7,169.853,21.8,25.4762,86.5,38.5354,79.5,177.471,51.0,42.2635,70.1,126.462,35.9,242.122,24.0
7.13653,68.0,26.825,46.4,117.341,35.3,12.6675,64.4,40.8481,38.6,170.311,21.6,25.9755,86.4,38.6042,79.2,178.522,50.6,42.4865,69.9,127.965,35.6,242.986,23.9
7.3285,67.7,26.8932,46.1,117.699,35.1,12.6862,64.3,40.9403,38.1,171.701,21.5,26.2101,86.0,38.7412,79.1,179.217,50.5,42.4949,69.7,128.733,35.5,243.428,23.8
7.34144,67.7,26.9601,46.0,118.051,34.9,12.7226,64.2,41.2078,37.8,172.191,21.4,26.3502,85.9,38.8102,79.1,179.565,50.2,43.0889,69.6,129.927,35.4,249.015,23.7
7.34795,67.3,27.1611,46.0,118.4,34.9,12.7319,64.0,41.4591,37.7,172.664,21.3,26.9233,85.9,38.8785,79.0,180.258,50.1,44.0144,69.4,130.423,35.3,249.86,23.5
7.36112,67.3,27.4984,45.9,118.744,34.6,12.7417,63.9,41.5429,37.7,173.151,21.2,27.2185,85.8,39.1546,78.6,180.612,50.0,45.5709,69.2,130.507,35.3,252.422,23.4
7.36786,67.2,27.5642,45.7,119.094,34.5,12.7744,63.7,41.7189,37.6,173.634,21.1,27.2652,85.7,40.1843,78.4,180.958,49.9,46.2811,68.6,130.68,35.2,255.011,23.3
7.37364,67.1,27.6314,45.7,119.437,34.5,12.7833,63.4,41.8876,37.4,174.124,20.9,27.452,85.2,40.3229,78.3,181.305,49.9,46.4087,68.5,130.852,34.7,256.319,23.2
7.51377,67.0,27.6994,45.6,122.929,34.4,12.8017,63.2,41.9741,37.3,174.615,20.8,27.4587,85.2,40.4607,78.1,182.001,49.8,47.8883,68.4,131.357,34.6,257.602,23.2
7.62241,66.9,27.8336,45.3,123.28,34.4,12.8195,63.2,42.0617,37.2,175.106,20.6,27.9311,85.0,40.8182,77.8,182.699,49.5,50.68,68.0,139.235,34.5,259.741,22.9
7.63641,66.8,27.902,45.1,123.997,34.2,12.8381,63.0,42.1526,37.1,176.079,20.5,28.0112,83.5,41.0222,77.8,183.047,49.4,52.5397,67.9,144.582,34.3,260.615,22.7
7.65044,66.7,29.0832,45.0,124.351,34.2,13.322,63.0,42.2419,37.0,177.026,20.5,28.3457,83.4,42.4937,77.8,186.955,49.0,53.2265,67.8,144.749,33.9,262.767,22.7
7.77131,66.4,29.3467,45.0,124.72,34.0,13.3401,63.0,42.4104,36.9,177.509,20.4,28.3589,83.3,43.3094,77.7,187.999,49.0,54.0169,67.8,145.268,33.9,264.042,22.6
7.77727,66.3,29.4794,44.9,125.1,33.8,13.3938,62.9,42.5868,36.8,177.994,20.4,28.9336,83.2,43.8524,77.6,188.704,48.9,54.1581,67.7,145.549,33.8,273.269,22.4
7.78993,66.3,29.5461,44.8,125.457,33.7,13.4297,62.6,42.9278,36.7,178.957,20.3,30.2549,82.8,44.0663,77.1,189.412,48.6,54.4627,67.4,149.348,33.8,274.121,22.2
8.03071,66.1,29.6801,44.7,125.824,33.4,14.0459,62.6,43.0962,36.2,179.431,20.3,30.6291,82.5,45.0647,77.0,189.765,48.6,54.5042,67.1,154.933,33.4,274.984,22.2
8.2678,66.0,29.8765,44.6,126.581,33.2,14.5525,62.5,43.3527,35.9,181.798,20.2,31.127,82.0,45.8165,76.9,190.471,48.5,57.3024,66.9,155.017,33.4,275.424,22.1
8.28146,65.4,29.9493,44.6,126.926,33.1,16.4117,62.4,43.5206,35.9,183.626,20.1,31.5724,81.8,46.1604,76.7,191.173,48.4,57.7368,66.9,155.187,33.3,276.297,22.1
8.38867,65.4,30.0818,44.3,127.286,32.8,17.1238,62.4,43.6903,35.7,184.596,20.0,32.5504,81.8,46.8471,76.7,191.886,48.3,57.7535,66.6,155.438,33.2,276.733,22.0
8.50284,65.3,30.1497,44.2,127.634,32.7,17.1324,62.1,45.0338,35.7,186.018,19.9,32.8276,81.5,46.9832,76.6,193.32,48.2,57.9568,66.3,155.78,33.1,279.723,21.9
8.59617,65.1,30.2165,44.1,128.003,32.6,17.1416,62.0,45.2038,35.3,188.768,19.7,32.9447,81.4,47.2573,76.2,193.666,47.9,58.3413,66.2,157.048,33.1,280.992,21.9
8.60291,64.7,30.2859,43.6,128.392,32.2,17.1685,61.9,45.3741,35.1,190.2,19.6,32.9514,81.4,47.4692,76.1,196.196,47.9,58.3574,66.2,157.219,33.0,281.419,21.7
9.01488,64.6,30.3516,43.5,128.768,32.1,17.1777,61.6,45.628,35.0,191.668,19.4,33.2014,81.3,47.7477,75.9,198.32,47.7,58.5957,66.1,157.31,32.7,282.285,21.7
9.02073,64.4,30.4181,43.2,129.135,32.0,17.1868,61.5,45.8013,34.9,192.599,19.3,33.3528,81.1,47.9553,75.7,199.766,47.7,58.6339,66.0,161.099,32.6,283.154,21.6
9.02704,64.2,30.4861,43.2,133.089,32.0,17.2052,61.1,45.9747,34.9,193.553,19.1,33.3807,80.5,48.6499,75.6,200.853,47.6,58.7776,65.4,161.29,32.5,285.728,21.3
9.058,63.9,30.5545,43.1,133.788,31.6,17.2232,60.9,46.9921,34.8,194.044,19.0,33.3948,80.2,48.7208,75.5,201.533,47.5,58.7863,65.3,165.018,32.4,291.774,21.3
9.06424,63.7,30.8836,43.0,134.474,31.5,17.5866,60.8,47.1634,34.8,195.001,18.8,33.6854,80.0,48.8619,75.3,201.874,47.5,58.8379,65.2,166.645,32.3,293.045,21.2
9.69882,63.6,31.0152,43.0,134.826,31.2,17.6199,60.6,47.3358,34.7,195.486,18.8,33.8736,79.9,49.2861,75.3,202.569,47.4,58.8463,65.1,168.318,32.1,296.451,20.9
9.70518,63.5,31.0825,42.6,135.54,31.0,17.6369,60.6,47.9346,34.6,196.938,18.6,34.0899,79.6,49.3579,75.1,202.918,47.3,59.2097,64.9,168.491,32.0,297.72,20.5
9.71179,63.4,31.2878,42.4,137.338,30.8,17.9176,60.5,48.6185,34.6,197.894,18.6,34.3628,79.3,50.209,74.9,203.266,47.3,59.3956,64.5,168.665,32.0,301.53,20.5
9.73169,63.3,31.3539,42.2,138.385,30.4,17.9347,60.5,48.8812,34.5,198.908,18.5,34.5026,79.1,50.7748,74.9,204.341,47.0,59.4034,64.4,170.964,31.9,303.735,20.4
9.982,63.2,31.488,42.0,139.098,30.4,17.9432,60.3,49.1412,34.3,199.43,18.3,35.9214,78.6,51.3423,74.8,207.208,46.7,59.4117,64.3,178.185,31.8,304.591,20.1
9.98882,63.1,31.6889,41.8,140.521,30.1,18.0766,60.2,49.3146,34.0,199.899,18.1,35.9483,78.5,51.4133,74.6,212.898,46.7,59.4199,64.3,178.365,31.8,305.898,20.0
10.0141,62.9,31.8228,41.8,141.233,30.1,19.7018,60.2,49.4883,33.9,200.845,17.8,36.281,78.5,51.5548,74.6,213.969,46.5,59.4284,64.1,178.47,31.6,311.006,19.9
10.494,62.4,31.8882,41.6,141.963,30.1,19.7197,60.0,49.8263,33.9,201.339,17.8,36.3019,78.3,51.6952,74.4,214.32,46.4,59.792,63.9,185.5,31.5,320.078,19.6
11.0943,62.4,31.9557,41.3,143.388,30.0,19.7286,59.4,49.9974,33.8,201.821,17.6,36.362,78.2,52.6151,74.4,215.025,46.3,61.4186,63.6,188.764,31.4,321.373,19.6
11.1075,62.4,32.0925,41.2,144.463,30.0,19.7994,59.1,51.1047,33.6,202.773,17.6,36.3896,78.1,53.6032,74.1,215.374,46.0,61.4756,63.4,191.052,31.1,332.478,19.5
11.2149,62.3,32.2291,41.2,144.82,29.9,19.817,58.7,51.1901,33.5,203.253,17.5,36.4798,77.8,54.5904,73.8,217.197,45.4,61.58,63.3,196.216,31.0,359.402,19.4
12.2802,62.2,32.2981,40.9,145.54,29.9,20.1904,58.2,51.2768,33.2,204.184,17.3,37.0101,77.8,54.9421,73.5,218.239,45.4,61.6455,63.3,196.299,31.0,360,19.4
12.2933,62.0,32.4311,40.9,145.904,29.5,20.6668,58.1,51.7226,33.1,205.547,17.3,37.2189,77.6,55.8579,73.4,219.302,45.2,61.8963,63.2,196.557,31.0,,
12.3,61.9,32.5672,40.8,146.268,29.4,21.0051,57.9,54.395,33.0,206.46,17.2,37.4072,77.5,56.1396,72.8,220.015,45.1,61.9132,63.0,199.759,30.9,,
12.3068,61.7,33.3705,40.7,146.618,29.3,21.0237,57.6,54.6533,32.9,207.868,17.1,37.8142,77.4,57.0533,72.7,221.076,45.1,62.1455,63.0,199.934,30.5,,
12.3271,61.6,33.5046,40.7,146.962,29.2,21.0411,57.5,58.2174,32.9,209.306,17.0,37.8651,77.3,57.1964,72.4,221.743,45.0,62.1619,63.0,200.026,30.5,,
12.3402,61.5,33.5714,40.6,147.309,28.9,21.0583,57.5,58.309,32.8,215.351,17.0,38.055,76.8,57.265,72.3,222.096,45.0,62.1702,62.7,200.204,30.5,,
12.3536,61.2,33.6375,40.5,148.029,28.8,21.1017,57.4,58.5048,32.8,219.143,16.7,38.5395,76.7,58.0653,72.3,222.449,44.9,62.9426,62.6,201.998,30.3,,
12.3678,61.0,33.706,40.4,148.393,28.7,22.2038,57.2,58.8825,32.7,224.719,16.4,39.4618,76.2,58.4126,72.1,222.796,44.9,63.4389,62.5,202.509,30.1,,
12.6099,60.7,33.8409,40.3,150.479,28.4,23.6029,57.2,59.0588,32.6,226.082,16.3,39.6882,75.9,58.6891,71.7,223.145,44.7,63.4469,62.2,204.012,30.0,,
12.8629,60.6,33.9101,40.0,156.452,28.4,24.1047,57.0,59.4931,32.3,234.032,16.3,40.9556,75.7,59.0358,71.6,223.498,44.6,63.463,62.0,204.695,29.9,,
12.8828,60.6,34.0472,39.8,157.549,28.3,24.7293,57.0,60.441,32.3,236.804,16.2,41.0026,75.5,59.1699,71.5,223.864,44.5,64.7978,61.7,205.864,29.9,,
13.0419,60.4,34.1159,39.6,157.928,28.0,25.2834,56.8,61.5434,32.0,239.62,16.1,41.6763,75.2,59.5776,71.2,224.247,44.3,65.2068,61.5,206.11,29.8,,
13.613,60.4,34.7904,39.5,158.683,27.7,25.4687,56.6,66.9935,31.9,241.006,16.1,41.6833,75.1,60.0863,71.2,224.6,44.0,67.1984,61.3,207.105,29.7,,
13.6196,59.9,34.9875,39.2,159.439,27.3,25.486,56.5,67.1641,31.8,241.476,15.8,42.0702,74.9,61.0226,71.0,224.947,43.9,67.5219,61.2,212.577,29.7,,
14.3342,59.7,35.2576,38.6,159.787,27.3,25.7629,56.3,67.2527,31.8,248.912,15.7,43.2616,74.8,61.5039,70.8,225.295,43.8,67.5356,60.8,216.039,29.5,,
14.3475,59.6,35.4653,38.4,160.141,26.9,25.9731,56.3,67.3424,31.7,251.222,15.3,43.7892,74.5,61.5728,70.5,225.643,43.7,68.0898,60.5,225.89,29.4,,
14.8132,59.5,35.5984,38.3,166.101,26.6,27.0588,56.3,67.5201,31.5,253.542,15.3,43.8497,74.2,61.6409,70.2,225.991,43.7,68.89,60.4,229.003,29.3,,
14.8196,59.3,35.6659,38.1,166.83,26.5,27.819,56.0,67.6094,31.3,256.781,15.1,44.5204,74.0,63.3788,70.2,227.398,43.7,69.6489,60.4,229.5,29.2,,
14.8983,59.2,35.7988,37.9,167.196,26.4,28.4083,55.8,67.6978,31.2,259.083,15.0,45.9817,73.6,63.4478,70.1,229.92,43.4,70.5159,60.2,229.585,29.0,,
15.4384,58.9,36.002,37.8,167.566,26.2,28.7704,55.7,67.783,31.0,260.507,15.0,46.4428,73.6,63.517,70.1,230.289,43.3,70.9889,60.0,236.467,28.9,,
15.4459,58.8,36.1373,37.7,168.296,26.2,28.8145,55.6,67.878,30.9,261.942,14.8,47.1754,73.3,63.5862,70.0,231.017,43.1,70.9999,59.6,238.308,28.6,,
15.527,58.6,36.2064,37.7,168.649,26.0,29.1217,55.5,68.0574,30.6,268.453,14.5,47.5533,72.9,64.068,69.7,231.394,42.8,71.7093,59.5,238.56,28.6,,
15.5334,58.2,36.3483,37.5,169.75,26.0,29.3064,55.4,68.1466,30.5,270.356,14.3,47.6679,72.7,64.1365,69.1,234.673,42.8,72.1904,59.5,238.726,28.3,,
15.9673,58.2,36.5545,37.3,170.797,25.7,29.5175,55.3,68.2372,30.3,271.274,14.2,48.4955,72.7,64.5472,68.8,235.399,42.7,72.5739,59.4,238.81,28.1,,
15.9804,57.8,37.8997,37.1,171.501,25.6,29.5448,55.1,68.4117,30.2,271.768,14.1,49.119,72.5,64.6841,68.8,235.759,42.6,72.7759,59.4,239.395,27.5,,
16.0066,57.8,37.9722,37.0,171.857,25.4,30.6427,54.9,68.9419,30.2,272.738,14.0,49.6587,72.2,65.5018,68.3,236.123,42.6,73.6184,59.2,240.298,27.4,,
18.4606,57.4,38.1066,36.9,172.212,25.0,31.2773,54.9,69.202,29.9,293.002,13.8,49.692,71.8,66.2845,68.3,236.486,42.5,73.9563,59.1,240.544,27.3,,
19.0355,57.2,38.1846,36.7,172.927,24.8,31.5076,54.6,72.8652,29.7,293.928,13.8,50.0569,71.7,67.1776,68.2,236.849,42.3,74.8457,58.9,243.635,27.3,,
19.3316,56.9,38.2533,36.6,173.62,24.6,31.6822,54.6,78.3592,29.5,294.405,13.6,50.0637,71.6,67.3852,67.7,237.209,42.2,76.8875,58.9,243.989,27.1,,
19.3449,56.8,38.3222,36.6,173.96,24.6,33.1752,54.2,78.6373,29.1,294.895,13.5,51.425,71.6,68.0891,67.2,237.573,42.1,79.0998,58.5,244.333,26.9,,
19.3582,56.6,38.3906,36.4,174.303,24.3,33.2604,54.0,78.8375,29.0,305.089,13.5,51.6004,71.4,68.2313,67.1,239.015,41.9,80.7392,58.5,244.593,26.7,,
19.3649,56.5,38.4595,36.3,174.65,24.3,33.2862,53.9,79.0346,29.0,310.285,13.4,51.6812,71.3,69.156,66.9,239.376,41.9,80.7562,58.1,251.157,26.6,,
19.3715,56.4,38.5291,36.2,175.007,24.2,33.3813,53.9,80.6952,28.6,313.051,13.3,51.8313,71.0,69.5123,66.8,240.1,41.7,81.7034,58.1,253.233,26.5,,
19.3845,56.3,38.5963,36.1,175.352,24.1,33.4241,53.8,81.1135,28.5,319.089,13.3,52.4499,70.8,69.7251,66.7,240.471,41.6,81.7198,57.6,254.39,26.5,,
19.8816,56.0,38.6659,36.1,176.038,24.1,33.7817,53.8,81.4163,28.5,329.883,13.2,52.8231,70.6,69.7968,66.6,246.844,41.5,81.8847,57.5,259.219,26.4,,
19.9394,55.5,38.731,35.8,177.088,23.9,33.9506,53.7,81.5997,28.2,331.63,12.9,53.4379,70.4,69.8675,66.5,247.558,41.4,81.9414,57.4,268.843,26.2,,
20.5877,55.5,39.6237,35.5,177.47,23.9,33.9952,53.5,81.6943,28.1,333.318,12.9,53.4514,70.3,70.506,66.2,249.323,41.3,82.8681,57.3,269.007,26.0,,
21.6041,55.1,39.7567,35.3,179.608,23.8,35.8306,53.1,90.6211,28.0,333.935,12.8,53.5595,70.2,70.7994,66.0,254.324,41.2,83.9427,57.2,274.124,25.7,,
21.6106,55.0,41.7905,35.0,181.034,23.3,36.6202,52.7,90.7057,27.7,335.428,12.8,54.8617,70.2,70.8683,65.8,255.765,41.2,84.708,57.2,274.289,25.7,,
21.6172,55.0,41.9872,34.9,183.09,23.3,36.6376,52.7,90.877,27.4,335.922,12.7,55.4232,70.1,71.0047,65.6,258.878,41.1,86.4453,57.1,275.781,25.3,,
21.6238,54.8,42.1175,34.6,183.806,23.1,38.502,52.6,91.0505,27.4,336.432,12.4,55.8472,70.1,72.2551,65.6,259.926,41.1,86.7838,57.0,281.623,25.1,,
21.6304,54.6,42.1851,34.4,184.15,22.7,40.6109,52.4,91.2192,27.2,336.958,12.4,56.2424,70.1,73.4469,65.5,262.717,41.0,87.4322,57.0,281.87,24.7,,
21.6435,54.4,42.3813,34.4,185.258,22.5,40.8717,52.1,91.393,27.0,337.487,12.3,56.4075,70.0,73.5895,65.4,265.537,40.6,88.4885,56.3,286.648,24.5,,
21.8924,54.3,42.6421,34.2,186.306,22.4,41.3363,52.0,96.1765,26.9,338.004,12.1,56.6585,70.0,73.8623,65.1,268.382,40.3,88.7298,56.1,294.135,24.4,,
22.3658,54.2,42.7745,34.0,200.14,22.1,42.8526,51.9,98.47,26.8,339.026,12.0,57.4652,69.5,73.9307,65.0,269.454,40.1,89.2768,56.1,301.291,24.3,,
22.3854,53.8,42.9722,33.6,201.217,22.0,43.5987,51.8,102.161,26.6,340.533,12.0,57.7687,69.5,74.1358,64.9,273.313,39.9,89.7318,55.9,301.57,24.3,,
22.3916,53.4,43.1033,33.4,204.836,22.0,44.159,51.5,106.224,26.6,341.513,12.0,58.4144,68.8,74.4114,64.9,274.025,39.8,90.0711,55.7,303.83,24.2,,
22.5687,53.2,43.2402,33.3,205.885,21.8,44.3538,50.8,108.246,26.2,352.338,11.9,58.6915,68.5,74.7532,64.6,275.087,39.7,91.6648,55.7,311.579,24.0,,
22.7123,53.1,43.3072,33.2,206.964,21.7,45.5971,50.3,109,26.2,353.75,11.4,58.7209,68.5,75.0297,64.5,280.436,39.3,91.6775,55.5,322.251,23.9,,
22.7241,53.0,45.6419,33.2,212.326,21.6,46.5326,50.2,109.254,26.2,357.479,11.4,58.7356,68.2,76.9769,64.3,281.495,39.2,91.6866,55.5,325.703,23.9,,
23.8032,53.0,45.784,32.9,213.403,21.6,46.5508,50.0,109.669,26.0,358.87,11.2,59.0946,68.1,77.972,64.2,282.191,39.1,91.6956,55.4,325.96,23.8,,
24.682,52.9,45.8554,32.9,214.116,21.5,46.7396,50.0,109.923,26.0,360,11.2,59.2351,68.0,80.002,64.2,282.539,39.1,93.6972,55.3,327.214,23.8,,
24.6948,52.7,45.9287,32.8,215.194,21.3,46.8419,49.8,121.128,25.9,,,59.9761,67.8,81.0617,64.0,282.884,39.1,93.7358,55.3,327.637,23.4,,
25.0068,52.7,46.0874,32.5,215.914,21.1,48.9851,49.7,123.532,25.9,,,60.8052,67.7,81.412,63.9,284.576,38.7,95.0983,55.1,327.809,23.0,,
25.7793,52.6,47.8917,32.4,216.283,21.1,49.2147,49.7,123.877,25.8,,,60.8189,67.5,82.1004,63.7,285.647,38.5,95.1068,54.8,338.834,23.0,,
25.8329,52.1,47.9566,32.4,216.646,21.0,51.2034,49.7,124.741,25.8,,,60.826,67.3,82.7107,63.5,287.095,38.3,98.2591,54.7,357.008,22.8,,
25.9035,52.0,48.0872,32.2,217.013,20.8,51.2125,49.6,124.999,25.7,,,61.0493,67.3,82.8578,63.4,288.192,38.2,98.5472,54.4,357.176,22.8,,
26.0312,51.8,48.2179,32.1,217.385,20.7,52.2827,49.5,126.293,25.4,,,61.0723,66.9,83.1454,63.1,288.886,38.2,100.886,54.3,358.931,22.4,,
26.0379,51.5,48.419,32.1,217.759,20.6,52.3275,49.4,126.462,25.4,,,61.1312,66.8,83.8516,63.0,289.607,38.1,102.909,54.2,360,22.4,,
26.0447,51.2,49.4296,31.8,218.136,20.4,53.1363,49.2,126.974,25.2,,,62.7487,66.4,83.9943,62.9,290.326,38.1,104.46,54.2,,,,
26.0515,50.9,49.5651,31.8,218.85,20.2,53.1455,49.1,134.159,25.1,,,62.763,66.1,85.4515,62.9,292.473,38.0,105.068,54.0,,,,
26.5338,50.9,49.6334,31.8,220.622,20.1,55.3614,49.0,135.856,25.0,,,63.0969,66.0,86.3651,62.2,295.623,38.0,105.076,53.9,,,,
26.5399,50.8,49.7709,31.6,220.98,20.0,55.4628,49.0,136.029,25.0,,,63.63,66.0,86.5047,62.2,296.343,37.8,105.085,53.6,,,,
26.5462,50.6,49.8394,31.5,238.154,19.7,56.5632,48.9,143.596,24.9,,,64.0023,65.6,88.801,61.5,296.717,37.8,105.485,53.4,,,,
26.5525,50.6,49.9079,31.3,239.228,19.6,57.8164,48.8,143.682,24.9,,,64.0823,65.6,89.3255,61.3,299.552,37.8,108.123,53.3,,,,
26.9759,50.5,50.0448,31.0,239.649,19.3,58.0553,48.8,143.769,24.5,,,64.5645,65.4,90.3377,60.9,300.259,37.6,108.298,53.3,,,,
26.9887,50.3,50.1117,31.0,240.408,19.2,58.0639,48.7,143.861,24.4,,,64.5786,65.2,93.6158,60.4,300.62,37.6,108.907,53.2,,,,
27.6007,50.0,50.2431,30.9,240.763,18.9,58.0732,48.6,144.04,24.2,,,65.7139,64.6,94.7265,60.1,303.823,37.6,109.998,52.6,,,,
27.607,49.5,50.3729,30.8,241.456,18.8,58.8193,48.5,148.14,24.1,,,65.8607,64.5,95.024,60.0,305.235,37.4,110.06,52.5,,,,
29.3421,49.4,50.4373,30.8,241.808,18.5,59.2994,48.1,148.225,24.1,,,66.0484,64.4,95.3207,59.9,307.002,37.4,110.072,52.5,,,,
30.7661,49.3,50.9146,30.8,242.854,18.1,59.317,47.9,148.486,23.7,,,66.7046,64.4,95.4708,59.7,320.589,37.3,111.01,52.3,,,,
30.9752,49.2,52.1851,30.7,243.546,17.8,59.4893,47.6,148.573,23.7,,,66.8296,64.3,95.6802,59.4,326.604,37.2,111.019,52.2,,,,
31.8378,49.1,52.3869,30.5,246.789,17.7,59.7547,47.5,152.487,23.5,,,67.5405,63.8,95.821,59.3,333.274,37.2,115.81,51.8,,,,
31.8504,49.0,52.5229,30.5,258.153,17.7,60.0228,47.4,162.36,23.2,,,67.547,63.7,96.9487,59.2,333.625,37.0,116.41,51.7,,,,
32.7188,48.9,52.5911,30.4,259.558,17.6,60.369,47.0,166.02,22.9,,,67.8458,63.5,98.9977,59.1,334.322,36.9,116.428,51.5,,,,
32.7321,48.6,52.6593,30.2,260.624,17.5,63.7602,46.9,166.697,22.8,,,68.0509,63.4,99.0723,59.0,336.869,36.9,117.652,51.5,,,,
33.8321,48.5,52.7955,30.0,261.31,17.5,64.5397,46.8,166.862,22.8,,,68.3109,63.4,100.857,58.9,340.764,36.8,117.671,51.4,,,,
33.839,48.2,52.9285,29.8,276.15,17.3,64.7137,46.7,167.279,22.7,,,70.3955,63.4,101.996,58.8,343.873,36.7,117.689,51.3,,,,
34.1443,47.7,52.9937,29.8,277.217,17.1,65.1022,46.6,167.448,22.6,,,70.4979,63.2,102.417,58.6,344.971,36.6,118.324,51.2,,,,
34.1705,47.5,53.0595,29.6,278.304,17.0,65.1193,46.2,168.036,22.5,,,70.9262,63.1,103.691,58.2,346.034,36.6,119.45,51.2,,,,
34.4869,47.4,53.1261,29.5,278.67,17.0,66.3306,46.2,168.631,22.5,,,71.6407,63.0,103.96,58.1,346.738,36.6,120.304,50.8,,,,
34.5829,47.2,53.1941,29.4,279.411,16.9,67.754,45.8,168.715,22.1,,,71.6544,62.9,104.449,57.9,347.426,36.5,121.328,50.8,,,,
35.0467,47.2,53.261,29.4,281.898,16.7,68.4928,45.5,168.889,21.7,,,72.1767,62.7,104.873,57.8,349.531,36.5,121.508,50.7,,,,
35.7037,47.1,53.3285,29.3,288.938,16.5,71.5704,45.2,169.485,21.6,,,73.2465,62.6,104.944,57.6,351.669,36.3,122.224,50.6,,,,
35.7101,46.9,53.3933,29.2,292.184,16.4,71.9409,45.2,179.26,21.3,,,73.4605,62.5,105.084,57.5,356.696,36.1,122.698,50.6,,,,
36.4784,46.9,53.4593,29.1,292.903,16.1,72.4363,44.8,179.846,21.3,,,73.6978,62.2,107.48,57.4,357.032,36.0,125.786,50.5,,,,
36.5959,46.4,55.2002,28.8,293.592,16.0,73.9914,44.7,180.188,21.2,,,73.8661,61.5,108.31,57.4,357.713,35.9,126.008,50.3,,,,
37.8911,46.3,55.4039,28.6,294.656,15.9,74.0006,44.2,180.7,21.0,,,74.1158,61.4,110.277,57.0,358.059,35.7,126.017,50.1,,,,
37.8971,46.2,55.6082,28.5,300.424,15.7,74.0189,44.0,180.953,20.8,,,75.1471,60.9,110.417,56.9,359.156,35.6,126.026,49.5,,,,
38.3523,46.2,55.8775,28.2,301.484,15.4,77.2981,43.9,183.169,20.8,,,76.1739,60.8,110.785,56.8,360,35.6,126.318,49.4,,,,
38.3717,46.1,57.6372,28.2,302.503,15.3,77.6546,43.7,183.928,20.6,,,76.4933,60.8,110.937,56.1,,,126.894,49.3,,,,
41.0214,45.7,58.0304,28.1,305.627,15.3,77.8686,43.5,184.101,20.5,,,77.4599,60.7,111.007,55.9,,,127.411,49.3,,,,
41.5204,45.6,59.1012,27.8,306.703,14.9,78.2585,43.2,184.276,20.2,,,77.8937,60.7,111.215,55.9,,,127.502,49.2,,,,
41.5271,45.6,60.4403,27.4,307.463,14.6,78.827,43.0,193.579,20.2,,,78.0681,60.4,111.762,55.7,,,127.846,49.2,,,,
42.2052,45.5,60.6375,27.3,308.58,14.6,81.102,43.0,193.755,20.2,,,78.2216,60.3,111.83,55.6,,,127.923,49.1,,,,
42.2119,45.4,60.7034,27.2,316.326,14.3,81.1206,42.9,193.938,19.8,,,78.7312,60.3,112.115,55.5,,,127.932,48.8,,,,
42.2186,45.4,60.7713,27.1,320.856,14.2,81.5983,42.9,194.119,19.3,,,80.6291,60.2,112.608,55.3,,,132.286,48.8,,,,
42.2782,45.3,62.9773,26.8,322.321,14.0,81.6608,42.8,194.206,19.3,,,80.699,60.2,112.68,55.2,,,132.295,48.7,,,,
42.2903,45.1,64.4594,26.5,322.695,14.0,81.6786,42.1,194.385,19.0,,,80.7979,60.1,113.031,55.1,,,132.305,48.5,,,,
42.3033,44.8,64.7324,26.5,323.039,13.9,82.4118,42.0,194.655,18.9,,,80.8192,59.8,113.458,55.0,,,132.338,48.5,,,,
42.4348,44.7,64.8623,26.1,323.729,13.8,86.1933,41.7,199.292,18.8,,,81.0137,59.7,113.834,54.8,,,132.36,48.1,,,,
43.5874,44.5,64.998,26.0,324.079,13.7,87.2997,41.6,202.236,18.6,,,81.4678,59.7,114.682,54.7,,,134.566,48.1,,,,
43.9479,44.3,65.4767,26.0,325.148,13.5,87.4425,41.3,207.699,18.3,,,81.6,59.6,116.788,54.6,,,135.158,47.8,,,,
44.0346,44.1,65.6847,25.8,326.298,13.2,88.2919,41.3,216.412,18.3,,,83.3032,59.1,116.857,54.6,,,136.947,47.7,,,,
45.1072,43.8,65.7513,25.6,331.779,13.1,88.3177,41.2,219.103,17.9,,,84.5494,59.0,116.927,54.5,,,138.732,47.5,,,,
46.8657,43.7,65.8205,25.6,350.794,12.7,88.3264,41.1,222.082,17.6,,,84.6903,58.4,117.341,54.3,,,140.827,47.4,,,,
46.8778,43.4,70.6054,25.5,351.486,12.5,88.3447,41.1,222.344,17.0,,,85.9492,58.2,119.855,54.2,,,140.845,47.4,,,,
46.89,43.2,70.808,25.4,352.218,12.3,88.3534,40.8,235.593,17.0,,,86.0381,58.2,121.818,54.2,,,142.906,47.3,,,,
46.8961,43.0,72.2846,25.3,352.974,12.1,88.3618,40.6,243.608,16.8,,,86.7171,57.8,122.596,54.0,,,143.145,47.2,,,,
46.9399,42.6,72.4866,25.2,353.706,11.9,89.9985,40.4,244.565,16.7,,,87.3725,57.6,124.4,53.8,,,143.161,47.1,,,,
49.5159,42.2,72.5534,25.1,354.052,11.7,94.4065,40.2,244.824,16.5,,,87.5865,57.6,124.941,53.8,,,144.183,46.9,,,,
49.5356,42.2,72.688,24.7,354.753,11.5,95.2365,40.0,245.605,16.2,,,89.8675,57.4,125.145,53.6,,,147.488,46.9,,,,
49.5492,42.2,73.2803,24.7,357.259,11.5,98.5208,40.0,245.783,16.1,,,90.4356,57.2,125.35,53.5,,,147.505,46.6,,,,
49.8825,42.1,73.4847,24.5,360,11.5,98.5399,40.0,248.164,16.0,,,90.6774,56.8,126.532,53.3,,,148.218,46.5,,,,
50.0128,42.0,76.8657,24.5,,,98.5587,39.9,263.187,15.9,,,91.3138,56.8,128.159,53.2,,,148.234,46.3,,,,
50.2952,41.6,80.4018,24.5,,,100.437,39.7,263.354,15.9,,,92.3926,56.7,128.442,53.1,,,150.251,46.3,,,,
50.4421,41.5,80.5362,24.2,,,100.446,39.5,264.04,15.8,,,92.83,56.5,129.935,53.1,,,150.268,46.0,,,,
50.4559,41.1,80.6722,24.2,,,100.465,39.1,264.208,15.5,,,93.0728,56.1,131.393,52.7,,,151.199,45.9,,,,
54.5271,41.0,81.1964,24.0,,,100.808,39.0,264.554,15.2,,,93.2067,55.9,132.718,52.5,,,151.77,45.9,,,,
54.6387,40.9,81.3927,23.7,,,104.784,38.8,270.879,14.9,,,93.4769,55.7,134.13,52.4,,,151.884,45.7,,,,
54.6516,40.9,81.5233,23.7,,,104.805,38.8,271.477,14.8,,,94.0901,55.6,138.491,52.3,,,151.952,45.4,,,,
56.4588,40.7,82.1166,23.6,,,104.947,38.7,271.74,14.8,,,94.1038,55.6,138.559,52.0,,,153.925,44.9,,,,
57.6057,40.5,85.3921,23.5,,,105.569,38.7,271.827,14.7,,,94.1673,55.1,138.627,51.9,,,154.772,44.9,,,,
57.6446,40.4,86.9053,23.5,,,105.646,38.4,272.084,14.4,,,94.9874,55.0,140.203,51.8,,,154.781,44.8,,,,
59.2101,40.3,89.4299,23.4,,,106.645,38.3,280.557,14.2,,,95.0013,54.8,141.144,51.8,,,155.223,44.6,,,,
59.8745,40.0,89.6335,23.4,,,108.567,38.2,280.815,14.0,,,96.1969,54.7,142.621,51.7,,,159.984,44.4,,,,
59.9186,39.6,89.7665,23.3,,,115.554,38.0,287.303,13.8,,,96.4425,54.2,143.113,51.6,,,162.782,44.3,,,,
61.2849,39.6,89.8326,23.3,,,115.642,37.7,287.474,13.7,,,97.4782,54.0,143.325,51.4,,,162.799,44.0,,,,
61.9895,39.1,90.103,23.0,,,121.5,37.5,287.564,13.6,,,99.8004,54.0,143.747,51.3,,,162.885,44.0,,,,
65.1917,39.0,92.4753,22.9,,,121.518,37.5,287.654,13.3,,,100.272,53.8,143.888,51.1,,,162.903,43.9,,,,
65.4284,38.8,104.555,22.6,,,122.367,37.4,287.835,13.1,,,100.665,53.8,143.957,51.0,,,165.927,43.9,,,,
65.719,38.5,104.752,22.6,,,122.386,37.0,287.927,12.9,,,101.863,53.8,144.098,51.0,,,168.188,43.7,,,,
65.9613,38.5,104.886,22.6,,,122.733,36.9,288.108,12.6,,,102.215,53.6,144.806,50.6,,,169.02,43.6,,,,
66.7329,38.4,105.02,22.5,,,123.039,36.9,289.283,12.3,,,103.027,53.6,147.581,50.3,,,169.398,43.5,,,,
68.6681,38.3,105.088,22.4,,,123.103,36.8,295.32,12.1,,,103.838,53.5,148.505,50.2,,,172.214,43.4,,,,
71.1877,38.3,105.157,22.4,,,123.631,36.7,317.352,12.0,,,104.111,53.5,148.718,50.2,,,173.301,43.3,,,,
72.1219,38.2,105.36,22.3,,,124.168,36.3,347.613,11.7,,,106.209,53.4,149.071,50.1,,,173.886,43.1,,,,
72.1345,38.1,112.902,22.0,,,127.425,36.3,351.575,11.6,,,109.9,53.2,151.562,50.0,,,179.227,42.8,,,,
72.7046,38.1,114.304,22.0,,,130.944,36.2,360,11.6,,,112.504,53.1,151.628,49.9,,,179.385,42.7,,,,
72.7172,37.8,114.37,21.7,,,131.42,36.1,,,,,112.511,52.8,151.696,49.8,,,180.632,42.6,,,,
72.7299,37.8,114.5,21.6,,,133.492,36.0,,,,,115.247,52.8,151.897,49.8,,,180.641,42.6,,,,
73.0279,37.5,114.565,21.5,,,133.501,35.9,,,,,115.419,52.7,152.099,49.7,,,180.7,42.5,,,,
75.5791,37.2,114.629,21.5,,,134,35.9,,,,,117.598,52.5,153.108,49.7,,,181.023,42.4,,,,
81.3724,37.0,114.697,21.3,,,135.174,35.8,,,,,118.09,52.2,155.87,49.4,,,182.236,42.4,,,,
82.1282,36.8,114.768,21.3,,,135.182,35.6,,,,,121.699,51.8,157.7,49.3,,,183.919,42.2,,,,
82.1345,36.6,114.835,21.2,,,135.983,35.5,,,,,122.865,51.4,160.309,49.1,,,185.371,42.0,,,,
82.5018,36.3,117.11,20.9,,,136.001,35.3,,,,,123.127,51.3,161.447,49.1,,,187.858,41.9,,,,
84.9301,36.3,117.315,20.9,,,136.303,35.3,,,,,123.975,51.1,164.084,49.0,,,187.866,41.7,,,,
86.5885,35.9,117.383,20.6,,,138.099,34.9,,,,,125.369,51.0,164.717,48.8,,,189.716,41.5,,,,
86.5949,35.9,117.523,20.5,,,138.588,34.4,,,,,125.721,51.0,166.749,48.8,,,189.85,40.9,,,,
87.6266,35.7,123.261,20.5,,,139.067,34.0,,,,,126.176,50.9,167.804,48.7,,,193.255,40.5,,,,
87.6941,35.7,127.389,20.2,,,140.325,33.9,,,,,126.512,50.8,172.523,48.4,,,194.22,40.4,,,,
87.7826,35.6,128.12,20.1,,,141.518,33.8,,,,,126.978,50.3,174.368,47.8,,,194.236,40.2,,,,
88.4339,35.5,128.247,19.8,,,141.535,33.7,,,,,128.46,50.3,176.525,47.6,,,194.26,40.1,,,,
91.9366,35.3,128.442,19.7,,,141.818,33.7,,,,,129.61,50.3,176.598,47.5,,,194.431,40.1,,,,
91.9432,35.2,130.839,19.5,,,141.834,33.5,,,,,130.623,50.2,176.676,47.3,,,195.761,40.0,,,,
94.3635,35.0,136.726,19.5,,,141.888,33.3,,,,,131.431,50.2,179.906,47.1,,,199.493,39.8,,,,
97.101,34.9,141.524,19.4,,,142.433,32.9,,,,,132.798,49.9,180.482,47.0,,,202.785,39.5,,,,
99.1745,34.6,146.978,19.1,,,144.24,32.8,,,,,134.125,49.8,181.197,46.8,,,202.885,39.5,,,,
99.1864,34.4,148.722,19.1,,,144.258,32.8,,,,,137.245,49.7,184.891,46.7,,,206.966,39.3,,,,
99.4121,34.2,151.123,19.0,,,146.533,32.7,,,,,138.847,49.3,185.436,46.4,,,209.97,39.1,,,,
102.186,33.8,151.39,19.0,,,146.612,32.6,,,,,139.612,49.0,186.962,46.2,,,210.047,38.8,,,,
102.193,33.7,151.854,18.7,,,154.136,32.4,,,,,141.021,48.9,188.782,46.2,,,213.645,38.8,,,,
103.404,33.5,158.856,18.6,,,154.366,32.3,,,,,141.115,48.7,191.328,46.2,,,213.663,38.7,,,,
103.416,33.4,159.604,18.5,,,155.51,32.3,,,,,141.57,48.3,192.326,46.0,,,213.711,38.3,,,,
107.388,33.2,161.543,18.5,,,155.528,32.3,,,,,143.817,48.1,197.586,46.0,,,224.347,38.2,,,,
108.078,33.2,169.217,18.4,,,156.122,32.2,,,,,145.379,48.0,198.761,45.9,,,224.917,38.1,,,,
108.084,33.1,169.285,18.0,,,160.057,31.8,,,,,146.136,48.0,202.926,45.8,,,228.249,38.0,,,,
108.22,33.1,169.353,17.6,,,161.103,31.5,,,,,146.938,48.0,204.485,45.8,,,234.34,38.0,,,,
108.904,32.8,169.55,17.5,,,161.683,31.2,,,,,147.197,47.6,205.097,45.6,,,234.358,37.9,,,,
111.361,32.6,187.372,17.4,,,165.085,30.9,,,,,147.684,47.5,205.165,45.1,,,234.4,37.6,,,,
111.373,32.5,187.79,17.0,,,165.298,30.5,,,,,149.094,47.3,206.659,45.1,,,234.972,37.5,,,,
120.989,32.4,197.042,16.9,,,166.063,30.3,,,,,150.514,47.3,207.021,44.8,,,235.787,37.5,,,,
124.042,32.3,206.616,16.8,,,174.112,30.3,,,,,153.213,47.2,207.592,44.7,,,236.882,37.4,,,,
126.454,32.1,211.302,16.8,,,176.21,30.2,,,,,154.958,47.1,208.061,44.6,,,241.132,37.2,,,,
126.909,32.0,211.496,16.7,,,176.245,30.1,,,,,155.467,47.1,208.745,44.0,,,241.149,37.2,,,,
126.916,32.0,217.887,16.6,,,179.634,29.9,,,,,157.741,47.1,211.935,43.9,,,245.16,37.1,,,,
128.996,31.9,218.022,16.6,,,179.643,29.9,,,,,161.516,47.0,213.44,43.8,,,245.169,37.0,,,,
129.009,31.8,218.228,16.5,,,179.652,29.8,,,,,162.007,47.0,214.54,43.7,,,245.195,37.0,,,,
130.142,31.5,218.422,16.5,,,180.1,29.7,,,,,163.294,46.9,215.039,43.5,,,246.279,36.8,,,,
130.181,31.4,219.934,16.4,,,180.917,29.5,,,,,167.86,46.9,215.24,43.4,,,246.296,36.5,,,,
131.412,31.3,221.616,16.1,,,183.551,29.5,,,,,168.228,46.8,216.575,43.2,,,247.289,36.5,,,,
131.424,31.2,221.751,15.7,,,184.876,29.4,,,,,169.214,46.8,217.888,43.1,,,247.423,36.4,,,,
131.462,31.0,221.948,15.4,,,185.047,29.3,,,,,171.558,46.5,218.024,42.9,,,251.446,35.8,,,,
131.475,30.6,222.08,15.3,,,188.204,29.2,,,,,172.771,46.5,218.972,42.8,,,253.719,35.4,,,,
132.018,30.5,222.421,15.3,,,188.228,29.1,,,,,174.535,46.3,220.545,42.4,,,257.013,35.4,,,,
132.827,30.5,226.08,15.2,,,188.288,28.8,,,,,174.549,46.0,222.058,42.2,,,257.075,35.3,,,,
133.097,30.2,231.99,15.1,,,190.946,28.6,,,,,175.948,46.0,222.402,41.8,,,265.468,35.0,,,,
133.306,30.1,232.055,15.0,,,192.538,28.6,,,,,177.74,45.7,231.552,41.8,,,269.674,34.9,,,,
133.319,29.9,232.186,14.9,,,194.382,28.4,,,,,180.986,45.6,237.566,41.7,,,273.201,34.8,,,,
134.979,29.9,232.317,14.9,,,200.381,28.3,,,,,181.078,45.6,240.138,41.6,,,277.632,34.7,,,,
135.652,29.6,235.555,14.8,,,202.85,28.1,,,,,182.264,45.5,246.587,41.5,,,287.056,34.4,,,,
136.086,29.4,242.371,14.7,,,203.42,27.8,,,,,184.013,45.2,250.635,41.5,,,290.691,34.3,,,,
136.123,29.3,242.438,14.7,,,204.537,27.7,,,,,184.308,45.2,251.994,41.4,,,293.503,34.0,,,,
137.554,29.3,242.507,14.3,,,204.546,27.5,,,,,184.397,45.2,253.101,41.3,,,293.849,33.7,,,,
139.427,29.2,242.646,14.1,,,204.554,27.5,,,,,185.615,44.8,253.17,41.2,,,295.163,33.4,,,,
139.846,29.0,242.788,14.0,,,204.563,27.2,,,,,192.16,44.7,254.34,41.0,,,295.229,33.4,,,,
142.489,28.9,243.133,14.0,,,207.179,27.0,,,,,193.597,44.7,255.027,40.9,,,298.101,33.3,,,,
142.796,28.8,243.478,13.8,,,207.207,26.6,,,,,194.076,44.6,255.717,40.9,,,299.985,32.9,,,,
142.802,28.6,250.033,13.5,,,209.305,26.2,,,,,196.308,44.5,256.191,40.9,,,304.208,32.9,,,,
143.747,28.6,257.111,13.4,,,209.323,26.2,,,,,197.247,44.5,257.838,40.8,,,306.19,32.5,,,,
144.108,28.3,272.582,13.2,,,209.34,26.1,,,,,198.819,44.5,258.6,40.8,,,307.392,32.4,,,,
149.148,28.2,278.491,12.9,,,212.908,26.0,,,,,199.684,44.4,258.873,40.7,,,318.349,32.3,,,,
150.347,28.2,280.935,12.5,,,216.1,25.9,,,,,200.336,44.3,263.135,40.7,,,320.369,32.3,,,,
153.315,28.0,281.483,12.1,,,217.466,25.7,,,,,202.228,44.2,263.935,40.5,,,323.82,31.9,,,,
160.624,27.9,292.381,12.0,,,217.608,25.6,,,,,203.965,44.2,264.328,40.0,,,324.302,31.7,,,,
162.923,27.5,292.511,11.9,,,218.765,25.6,,,,,204.767,44.1,266.426,40.0,,,328.09,31.6,,,,
165.709,27.4,314.697,11.9,,,218.783,25.5,,,,,206.42,43.9,268.818,39.8,,,329.335,31.5,,,,
165.722,27.3,315.231,11.8,,,220.591,25.5,,,,,207.483,43.5,269.823,39.7,,,335.581,31.4,,,,
168.508,27.3,319.512,11.8,,,222.738,25.4,,,,,208.627,43.1,270.191,39.6,,,336.021,31.4,,,,
169.132,27.1,360,11.8,,,224.813,25.3,,,,,210.233,42.9,273.822,39.5,,,342.324,31.3,,,,
169.604,26.9,,,,,224.83,25.2,,,,,210.24,42.7,274.372,39.4,,,342.416,31.3,,,,
169.616,26.9,,,,,225.46,25.1,,,,,210.247,42.6,274.441,39.2,,,345.44,31.2,,,,
173.08,26.8,,,,,230.295,25.0,,,,,210.42,42.4,276.043,39.1,,,347.628,31.0,,,,
179.264,26.5,,,,,231.89,24.9,,,,,212.045,42.4,283.126,39.1,,,354.776,30.9,,,,
179.847,26.2,,,,,231.899,24.8,,,,,212.107,42.2,285.491,39.0,,,355.236,30.5,,,,
180.984,26.1,,,,,231.917,24.8,,,,,212.577,41.9,287.884,39.0,,,358.242,30.4,,,,
181.949,26.1,,,,,236.337,24.7,,,,,212.938,41.5,288.176,38.6,,,358.502,30.2,,,,
182.267,26.0,,,,,236.926,24.7,,,,,213.59,41.5,288.463,38.3,,,360,30.2,,,,
183.696,25.9,,,,,247.578,24.5,,,,,217.362,41.3,288.672,38.2,,,,,,,,
188.651,25.7,,,,,247.596,24.1,,,,,217.825,41.1,292.042,37.7,,,,,,,,
189.051,25.4,,,,,254.484,23.9,,,,,217.866,40.8,292.393,37.4,,,,,,,,
190.442,25.0,,,,,255.171,23.7,,,,,219.709,40.7,294.396,37.3,,,,,,,,
191.669,24.9,,,,,257.162,23.5,,,,,222.049,40.6,297.696,37.3,,,,,,,,
191.681,24.7,,,,,259.688,23.1,,,,,224.355,40.6,300.029,37.2,,,,,,,,
192.731,24.5,,,,,269.468,22.8,,,,,230.748,40.3,301.387,37.1,,,,,,,,
197.022,24.2,,,,,272.575,22.8,,,,,230.993,40.2,303.074,37.0,,,,,,,,
197.247,24.1,,,,,275.776,22.6,,,,,234.177,40.0,303.268,36.9,,,,,,,,
197.292,24.0,,,,,276.094,22.6,,,,,236.643,39.6,303.978,36.7,,,,,,,,
199.638,23.9,,,,,277.929,22.5,,,,,236.761,39.3,304.184,36.6,,,,,,,,
200.75,23.9,,,,,295.156,22.4,,,,,237.129,39.2,313.057,36.5,,,,,,,,
204.933,23.6,,,,,296.241,22.4,,,,,237.98,38.9,315.297,36.1,,,,,,,,
207.182,23.2,,,,,297.866,22.3,,,,,239.325,38.9,317.497,35.7,,,,,,,,
210.144,22.9,,,,,297.884,21.9,,,,,239.487,38.9,321.777,35.6,,,,,,,,
211.232,22.9,,,,,300.784,21.9,,,,,239.965,38.8,331.98,35.5,,,,,,,,
213.667,22.7,,,,,300.793,21.9,,,,,241.38,38.5,336.248,35.4,,,,,,,,
214.306,22.6,,,,,317.624,21.8,,,,,243.197,38.4,336.467,35.4,,,,,,,,
216.962,22.6,,,,,321.875,21.7,,,,,243.826,38.1,336.902,35.1,,,,,,,,
216.999,22.5,,,,,322.558,21.6,,,,,245.97,38.0,346.122,34.8,,,,,,,,
219.251,22.3,,,,,324.328,21.4,,,,,254.061,37.8,346.322,34.7,,,,,,,,
220.321,21.9,,,,,328.002,21.0,,,,,254.598,37.5,349.84,34.7,,,,,,,,
225.526,21.9,,,,,328.221,20.9,,,,,265.719,37.5,351.857,34.6,,,,,,,,
233.61,21.5,,,,,330.692,20.7,,,,,267.494,37.4,356.985,34.6,,,,,,,,
235.278,21.3,,,,,332.019,20.6,,,,,271.983,37.2,357.419,34.5,,,,,,,,
236.501,21.3,,,,,338.625,20.2,,,,,273.212,37.1,360,34.5,,,,,,,,
237.325,21.1,,,,,356.86,20.0,,,,,274.135,36.8,,,,,,,,,,
239.068,21.0,,,,,360,20.0,,,,,284.796,36.6,,,,,,,,,,
244.882,20.9,,,,,,,,,,,286.435,36.5,,,,,,,,,,
260.044,20.6,,,,,,,,,,,288.897,36.4,,,,,,,,,,
263.405,20.2,,,,,,,,,,,289.765,36.3,,,,,,,,,,
265.271,20.1,,,,,,,,,,,290.501,36.3,,,,,,,,,,
266.955,20.1,,,,,,,,,,,293.029,36.1,,,,,,,,,,
266.974,20.0,,,,,,,,,,,293.411,36.0,,,,,,,,,,
266.98,19.7,,,,,,,,,,,294.193,35.7,,,,,,,,,,
267,19.6,,,,,,,,,,,294.2,35.3,,,,,,,,,,
267.213,19.1,,,,,,,,,,,300.324,34.8,,,,,,,,,,
271.018,19.0,,,,,,,,,,,301.535,34.8,,,,,,,,,,
273.826,18.9,,,,,,,,,,,301.841,34.4,,,,,,,,,,
278.728,18.6,,,,,,,,,,,303.517,34.3,,,,,,,,,,
280.467,18.3,,,,,,,,,,,304.759,34.1,,,,,,,,,,
281.575,18.2,,,,,,,,,,,309.155,33.7,,,,,,,,,,
284.556,18.1,,,,,,,,,,,321.853,33.4,,,,,,,,,,
287.806,18.0,,,,,,,,,,,325.998,33.3,,,,,,,,,,
291.522,17.9,,,,,,,,,,,326.721,32.9,,,,,,,,,,
291.805,17.5,,,,,,,,,,,327.61,32.8,,,,,,,,,,
291.818,17.2,,,,,,,,,,,329.609,32.4,,,,,,,,,,
295.464,17.1,,,,,,,,,,,332.747,32.3,,,,,,,,,,
301.257,17.0,,,,,,,,,,,339.238,32.0,,,,,,,,,,
321.718,16.7,,,,,,,,,,,344.062,31.9,,,,,,,,,,
323.854,16.6,,,,,,,,,,,344.069,31.6,,,,,,,,,,
326.094,16.6,,,,,,,,,,,349.806,31.6,,,,,,,,,,
333.02,16.4,,,,,,,,,,,353.732,31.5,,,,,,,,,,
344.179,16.1,,,,,,,,,,,354.899,31.4,,,,,,,,,,
349.776,16.1,,,,,,,,,,,356.452,31.4,,,,,,,,,,
350.939,16.0,,,,,,,,,,,360,31.4,,,,,,,,,,
355.202,15.6,,,,,,,,,,,,,,,,,,,,,,
355.498,15.5,,,,,,,,,,,,,,,,,,,,,,
360,15.5,,,,,,,,,,,,,,,,,,,,,,
